ID,TIME,OBS,OBS_0,GROUP
1,0.0,0.8673079918260382,8.13317488879864,0
1,4.0,0.33231341530185904,8.13317488879864,0
1,8.0,0.20660449030213465,8.13317488879864,0
1,12.0,0.13656247671392108,8.13317488879864,0
1,16.0,0.07789069531653506,8.13317488879864,0
1,20.0,0.02768592375717808,8.13317488879864,0
1,24.0,-0.01459478926740745,8.13317488879864,0
1,28.0,-0.04958964444968747,8.13317488879864,0
1,32.0,-0.0780979916119757,8.13317488879864,0
1,36.0,-0.10100052833119522,8.13317488879864,0
2,0.0,0.9725942981988258,7.982300202882303,0
2,4.0,0.41520389957739273,7.982300202882303,0
2,8.0,0.17579262902106482,7.982300202882303,0
2,12.0,0.06494936818484325,7.982300202882303,0
2,16.0,0.010671560691426565,7.982300202882303,0
2,20.0,-0.014977357083214085,7.982300202882303,0
2,24.0,-0.026652153662612296,7.982300202882303,0
2,28.0,-0.031853359195674294,7.982300202882303,0
2,32.0,-0.03414656306860915,7.982300202882303,0
2,36.0,-0.035152922736329015,7.982300202882303,0
3,0.0,1.0136747692696177,7.950152931325162,0
3,4.0,0.5590441200663905,7.950152931325162,0
3,8.0,0.44940085040884253,7.950152931325162,0
3,12.0,0.3908116277992291,7.950152931325162,0
3,16.0,0.3406162972339336,7.950152931325162,0
3,20.0,0.2954683534252152,7.950152931325162,0
3,24.0,0.255101924864913,7.950152931325162,0
3,28.0,0.2193853443010343,7.950152931325162,0
3,32.0,0.1881112959932686,7.950152931325162,0
3,36.0,0.1609972339569729,7.950152931325162,0
4,0.0,1.036717325847404,7.904000890257708,0
4,4.0,0.5275277253536892,7.904000890257708,0
4,8.0,0.39458880942041535,7.904000890257708,0
4,12.0,0.3238050071853902,7.904000890257708,0
4,16.0,0.26670624234727214,7.904000890257708,0
4,20.0,0.21910317382453348,7.904000890257708,0
4,24.0,0.18003470583946057,7.904000890257708,0
4,28.0,0.14854821406346297,7.904000890257708,0
4,32.0,0.12358089390361952,7.904000890257708,0
4,36.0,0.10405411695638973,7.904000890257708,0
5,0.0,0.8216688146928128,7.893472918595131,0
5,4.0,0.3076947680129761,7.893472918595131,0
5,8.0,0.17915972069317723,7.893472918595131,0
5,12.0,0.1067309203977029,7.893472918595131,0
5,16.0,0.04627735813774356,7.893472918595131,0
5,20.0,-0.005360147810591284,7.893472918595131,0
5,24.0,-0.04875942263022652,7.893472918595131,0
5,28.0,-0.0845844321148933,7.893472918595131,0
5,32.0,-0.11367338867399449,7.893472918595131,0
5,36.0,-0.13695357747235293,7.893472918595131,0
6,0.0,0.9320656890118809,8.055881113462666,0
6,4.0,0.3938194744514619,8.055881113462666,0
6,8.0,0.2574803128570671,8.055881113462666,0
6,12.0,0.16137418840660342,8.055881113462666,0
6,16.0,0.08100734734256981,8.055881113462666,0
6,20.0,0.015390055852821057,8.055881113462666,0
6,24.0,-0.03647383320227272,8.055881113462666,0
6,28.0,-0.07626261217632015,8.055881113462666,0
6,32.0,-0.10601814877987975,8.055881113462666,0
6,36.0,-0.12781317108452628,8.055881113462666,0
7,0.0,0.9734763010009387,8.133190687142934,0
7,4.0,0.4545024729517314,8.133190687142934,0
7,8.0,0.2957015042374609,8.133190687142934,0
7,12.0,0.20661580933231144,8.133190687142934,0
7,16.0,0.1355302014652039,8.133190687142934,0
7,20.0,0.07740511032298338,8.133190687142934,0
7,24.0,0.03093638670082889,8.133190687142934,0
7,28.0,-0.005306695553180141,8.133190687142934,0
7,32.0,-0.032968657827865025,8.133190687142934,0
7,36.0,-0.05370698935211361,8.133190687142934,0
8,0.0,0.9328362261915956,8.093261392417535,0
8,4.0,0.2834842692395113,8.093261392417535,0
8,8.0,0.19265208744767026,8.093261392417535,0
8,12.0,0.1507425949388786,8.093261392417535,0
8,16.0,0.1135081436863904,8.093261392417535,0
8,20.0,0.07934461838190726,8.093261392417535,0
8,24.0,0.048168555181990744,8.093261392417535,0
8,28.0,0.019909904941426426,8.093261392417535,0
8,32.0,-0.005535940823033533,8.093261392417535,0
8,36.0,-0.02830459065869364,8.093261392417535,0
9,0.0,0.854551876785751,7.917012455750941,0
9,4.0,0.26919362357067067,7.917012455750941,0
9,8.0,0.09196389522913546,7.917012455750941,0
9,12.0,0.018551878764836743,7.917012455750941,0
9,16.0,-0.02590105804405235,7.917012455750941,0
9,20.0,-0.054161911034606,7.917012455750941,0
9,24.0,-0.07180679652160718,7.917012455750941,0
9,28.0,-0.08262073591827337,7.917012455750941,0
9,32.0,-0.08916537701051983,7.917012455750941,0
9,36.0,-0.09309528313476295,7.917012455750941,0
10,0.0,0.7868173974750893,7.942055538048341,0
10,4.0,0.2633520594638017,7.942055538048341,0
10,8.0,0.15049576852993587,7.942055538048341,0
10,12.0,0.09987802226193246,7.942055538048341,0
10,16.0,0.05793776606164208,7.942055538048341,0
10,20.0,0.020623077972870413,7.942055538048341,0
10,24.0,-0.01246349449226522,7.942055538048341,0
10,28.0,-0.041538792203407074,7.942055538048341,0
10,32.0,-0.06686281124739982,7.942055538048341,0
10,36.0,-0.0887376367969423,7.942055538048341,0
11,0.0,0.7318664268928013,8.066194302348054,0
11,4.0,0.07164774111844224,8.066194302348054,0
11,8.0,-0.11319941107525769,8.066194302348054,0
11,12.0,-0.20863613246058804,8.066194302348054,0
11,16.0,-0.268734905972929,8.066194302348054,0
11,20.0,-0.30513943826431245,8.066194302348054,0
11,24.0,-0.3262620677894176,8.066194302348054,0
11,28.0,-0.33817839904090796,8.066194302348054,0
11,32.0,-0.34479048680416646,8.066194302348054,0
11,36.0,-0.34842562357063317,8.066194302348054,0
12,0.0,0.892861941445945,7.880614373383866,0
12,4.0,0.25788230397438994,7.880614373383866,0
12,8.0,0.13573134350602042,7.880614373383866,0
12,12.0,0.06261566351804214,7.880614373383866,0
12,16.0,0.0016934860545763518,7.880614373383866,0
12,20.0,-0.04875429194774984,7.880614373383866,0
12,24.0,-0.08960393523337905,7.880614373383866,0
12,28.0,-0.12200052542261783,7.880614373383866,0
12,32.0,-0.14723449359468282,7.880614373383866,0
12,36.0,-0.16659617550728423,7.880614373383866,0
13,0.0,0.9458703901700389,8.102998616908687,0
13,4.0,0.23632424105584543,8.102998616908687,0
13,8.0,0.00826676799899595,8.102998616908687,0
13,12.0,-0.07957271453193904,8.102998616908687,0
13,16.0,-0.11802379033702944,8.102998616908687,0
13,20.0,-0.13433152667267229,8.102998616908687,0
13,24.0,-0.14103852154861712,8.102998616908687,0
13,28.0,-0.14375617393153434,8.102998616908687,0
13,32.0,-0.14485068270196272,8.102998616908687,0
13,36.0,-0.14529067890155484,8.102998616908687,0
14,0.0,0.7671402280708838,7.983721025330148,0
14,4.0,0.20265012038833355,7.983721025330148,0
14,8.0,0.06610092487395725,7.983721025330148,0
14,12.0,-0.015315231444310684,7.983721025330148,0
14,16.0,-0.07817833433307204,7.983721025330148,0
14,20.0,-0.12597660047713558,7.983721025330148,0
14,24.0,-0.16122450282603312,7.983721025330148,0
14,28.0,-0.1865530863417204,7.983721025330148,0
14,32.0,-0.20439175244471783,7.983721025330148,0
14,36.0,-0.2167691166081076,7.983721025330148,0
15,0.0,0.8334623836150302,7.829068472639186,0
15,4.0,0.30153843972393474,7.829068472639186,0
15,8.0,0.21991663921995228,7.829068472639186,0
15,12.0,0.1781337741156197,7.829068472639186,0
15,16.0,0.13993505061365796,7.829068472639186,0
15,20.0,0.10378544048930502,7.829068472639186,0
15,24.0,0.06967293701089322,7.829068472639186,0
15,28.0,0.037632068174621884,7.829068472639186,0
15,32.0,0.007680745764410198,7.829068472639186,0
15,36.0,-0.020182987210157044,7.829068472639186,0
16,0.0,0.9016361439348448,7.861337671963614,0
16,4.0,0.38184418799392866,7.861337671963614,0
16,8.0,0.2496622235397186,7.861337671963614,0
16,12.0,0.18094763300767333,7.861337671963614,0
16,16.0,0.12448581221932406,7.861337671963614,0
16,20.0,0.0760987259660668,7.861337671963614,0
16,24.0,0.035141420760503,7.861337671963614,0
16,28.0,0.0010238356227095652,7.861337671963614,0
16,32.0,-0.026975608353169034,7.861337671963614,0
16,36.0,-0.04965291455699023,7.861337671963614,0
17,0.0,0.9007743245191376,8.164136713278674,0
17,4.0,0.21757445717586524,8.164136713278674,0
17,8.0,0.06418531179728595,8.164136713278674,0
17,12.0,-0.009109427212449188,8.164136713278674,0
17,16.0,-0.05954718124709632,8.164136713278674,0
17,20.0,-0.0940579326670953,8.164136713278674,0
17,24.0,-0.1169855880469293,8.164136713278674,0
17,28.0,-0.1318786918280438,8.164136713278674,0
17,32.0,-0.1414045143534334,8.164136713278674,0
17,36.0,-0.1474355326996233,8.164136713278674,0
18,0.0,1.0459951844037132,8.019253741305645,0
18,4.0,0.42934134006279046,8.019253741305645,0
18,8.0,0.33411366203229015,8.019253741305645,0
18,12.0,0.28843473568052647,8.019253741305645,0
18,16.0,0.24770393872669433,8.019253741305645,0
18,20.0,0.21011351508845078,8.019253741305645,0
18,24.0,0.1756048069983665,8.019253741305645,0
18,28.0,0.14414568927487803,8.019253741305645,0
18,32.0,0.11566503651567765,8.019253741305645,0
18,36.0,0.09005397617026765,8.019253741305645,0
19,0.0,0.9321393121432048,7.946002710717209,0
19,4.0,0.31847485952519633,7.946002710717209,0
19,8.0,0.19452590914306514,7.946002710717209,0
19,12.0,0.13635420113618552,7.946002710717209,0
19,16.0,0.08825807908608313,7.946002710717209,0
19,20.0,0.04685044531383993,7.946002710717209,0
19,24.0,0.011597401133109794,7.946002710717209,0
19,28.0,-0.018016765479332807,7.946002710717209,0
19,32.0,-0.04258987556456554,7.946002710717209,0
19,36.0,-0.06275926861197595,7.946002710717209,0
20,0.0,0.8426358847112339,8.051523023163288,0
20,4.0,0.32539575168579393,8.051523023163288,0
20,8.0,0.23561456772262562,8.051523023163288,0
20,12.0,0.19467033585440796,8.051523023163288,0
20,16.0,0.15837037987354496,8.051523023163288,0
20,20.0,0.12419613770326833,8.051523023163288,0
20,24.0,0.09204773242023846,8.051523023163288,0
20,28.0,0.06193944660601507,8.051523023163288,0
20,32.0,0.03387370094253109,8.051523023163288,0
20,36.0,0.007834198620563546,8.051523023163288,0
21,0.0,1.0352948945747975,7.968584125135969,0
21,4.0,0.4357989946254535,7.968584125135969,0
21,8.0,0.28043868427797747,7.968584125135969,0
21,12.0,0.2007918769156461,7.968584125135969,0
21,16.0,0.13974694330511706,7.968584125135969,0
21,20.0,0.09211330347833699,7.968584125135969,0
21,24.0,0.05583933158605765,7.968584125135969,0
21,28.0,0.02885838287978927,7.968584125135969,0
21,32.0,0.009169609958438643,7.968584125135969,0
21,36.0,-0.00498708069580267,7.968584125135969,0
22,0.0,0.820586559269286,7.971728524851712,0
22,4.0,0.15559865743712423,7.971728524851712,0
22,8.0,0.03820071500088665,7.971728524851712,0
22,12.0,-0.0260041640469693,7.971728524851712,0
22,16.0,-0.0797269073070856,7.971728524851712,0
22,20.0,-0.12488046434136504,7.971728524851712,0
22,24.0,-0.16215748985390527,7.971728524851712,0
22,28.0,-0.19240857483659962,7.971728524851712,0
22,32.0,-0.21658991780461315,7.971728524851712,0
22,36.0,-0.23567200290688659,7.971728524851712,0
23,0.0,0.8486608296314666,8.047704068817586,0
23,4.0,0.30099083234324936,8.047704068817586,0
23,8.0,0.06453209383182396,8.047704068817586,0
23,12.0,-0.041913650107710934,8.047704068817586,0
23,16.0,-0.08830186968933185,8.047704068817586,0
23,20.0,-0.1072532462067981,8.047704068817586,0
23,24.0,-0.1147017277235005,8.047704068817586,0
23,28.0,-0.11757897955482116,8.047704068817586,0
23,32.0,-0.11868310068334645,8.047704068817586,0
23,36.0,-0.1191061985773795,8.047704068817586,0
24,0.0,0.8575636793164892,7.984562439171197,0
24,4.0,0.12479305454366765,7.984562439171197,0
24,8.0,-0.08759151108967123,7.984562439171197,0
24,12.0,-0.16656814552958088,7.984562439171197,0
24,16.0,-0.20228310510946693,7.984562439171197,0
24,20.0,-0.21812887686330906,7.984562439171197,0
24,24.0,-0.22496995388578733,7.984562439171197,0
24,28.0,-0.22788539969557645,7.984562439171197,0
24,32.0,-0.22912406467750832,7.984562439171197,0
24,36.0,-0.22965301040072614,7.984562439171197,0
25,0.0,0.7699503229596996,8.059262337316504,0
25,4.0,0.1918629557362609,8.059262337316504,0
25,8.0,0.10480032575256118,8.059262337316504,0
25,12.0,0.08295520681576443,8.059262337316504,0
25,16.0,0.06577112351977424,8.059262337316504,0
25,20.0,0.0495372834534025,8.059262337316504,0
25,24.0,0.03404092044051912,8.059262337316504,0
25,28.0,0.019262660139480664,8.059262337316504,0
25,32.0,0.005191741400944416,8.059262337316504,0
25,36.0,-0.008184117989974121,8.059262337316504,0
26,0.0,0.9886329492790282,7.981127595537795,0
26,4.0,0.3839483812846949,7.981127595537795,0
26,8.0,0.2603455391322579,7.981127595537795,0
26,12.0,0.19246627330729488,7.981127595537795,0
26,16.0,0.13784437769753724,7.981127595537795,0
26,20.0,0.09373498612323511,7.981127595537795,0
26,24.0,0.05886251790155018,7.981127595537795,0
26,28.0,0.03182825932314838,7.981127595537795,0
26,32.0,0.011211896683664582,7.981127595537795,0
26,36.0,-0.004303088572976316,7.981127595537795,0
27,0.0,0.8458574179144582,7.98161412723321,0
27,4.0,0.1494806277353034,7.98161412723321,0
27,8.0,0.03254031500206853,7.98161412723321,0
27,12.0,-0.041834500796532476,7.98161412723321,0
27,16.0,-0.10432352819861848,7.98161412723321,0
27,20.0,-0.1560384532390901,7.98161412723321,0
27,24.0,-0.19783921287916134,7.98161412723321,0
27,28.0,-0.23090716912018142,7.98161412723321,0
27,32.0,-0.2565844753754838,7.98161412723321,0
27,36.0,-0.27621628676338,7.98161412723321,0
28,0.0,0.9320862309877653,7.927114237730652,0
28,4.0,0.2578512066653045,7.927114237730652,0
28,8.0,0.13701066126200886,7.927114237730652,0
28,12.0,0.06771234984002358,7.927114237730652,0
28,16.0,0.013953005034765393,7.927114237730652,0
28,20.0,-0.02708063523168739,7.927114237730652,0
28,24.0,-0.057588279439935615,7.927114237730652,0
28,28.0,-0.07978245848143067,7.927114237730652,0
28,32.0,-0.09565839992259884,7.927114237730652,0
28,36.0,-0.10687200421625354,7.927114237730652,0
29,0.0,0.8882650703605471,8.01602060870678,0
29,4.0,0.3062388491834009,8.01602060870678,0
29,8.0,0.20372263447729527,8.01602060870678,0
29,12.0,0.1560996662849431,8.01602060870678,0
29,16.0,0.11459839222293297,8.01602060870678,0
29,20.0,0.07668946262366666,8.01602060870678,0
29,24.0,0.04223317841378952,8.01602060870678,0
29,28.0,0.011155110667126166,8.01602060870678,0
29,32.0,-0.016663000434068802,8.01602060870678,0
29,36.0,-0.04138174700054992,8.01602060870678,0
30,0.0,0.8847039730705276,7.814723730239877,0
30,4.0,0.2522450598659854,7.814723730239877,0
30,8.0,0.16781840782175592,7.814723730239877,0
30,12.0,0.1362217771678432,7.814723730239877,0
30,16.0,0.10846579104983324,7.814723730239877,0
30,20.0,0.08252111267409594,7.814723730239877,0
30,24.0,0.05829753876565067,7.814723730239877,0
30,28.0,0.035766951604328544,7.814723730239877,0
30,32.0,0.01489156379528109,7.814723730239877,0
30,36.0,-0.004377731002361201,7.814723730239877,0
31,0.0,1.0008912355362845,8.129105543353061,0
31,4.0,0.4071664011193799,8.129105543353061,0
31,8.0,0.2992609974431626,8.129105543353061,0
31,12.0,0.2564450676009256,8.129105543353061,0
31,16.0,0.22077176951412222,8.129105543353061,0
31,20.0,0.18870289118619837,8.129105543353061,0
31,24.0,0.15994382130760632,8.129105543353061,0
31,28.0,0.13433573714465102,8.129105543353061,0
31,32.0,0.11169307017897295,8.129105543353061,0
31,36.0,0.09180386921482257,8.129105543353061,0
32,0.0,0.9301360622505034,8.011580181931473,0
32,4.0,0.11736990782589483,8.011580181931473,0
32,8.0,-0.007067515103117528,8.011580181931473,0
32,12.0,-0.06012609307795529,8.011580181931473,0
32,16.0,-0.09990301990139336,8.011580181931473,0
32,20.0,-0.12996935824517833,8.011580181931473,0
32,24.0,-0.1522694762901754,8.011580181931473,0
32,28.0,-0.16854918941409758,8.011580181931473,0
32,32.0,-0.18029014076944933,8.011580181931473,0
32,36.0,-0.18868123014329866,8.011580181931473,0
33,0.0,0.7177736047641164,8.153881782148932,0
33,4.0,0.12482626626769813,8.153881782148932,0
33,8.0,-0.008703695881767476,8.153881782148932,0
33,12.0,-0.05363781901223744,8.153881782148932,0
33,16.0,-0.08739196713235721,8.153881782148932,0
33,20.0,-0.11678645761410128,8.153881782148932,0
33,24.0,-0.14254109001180965,8.153881782148932,0
33,28.0,-0.16495469889318265,8.153881782148932,0
33,32.0,-0.18431992242765105,8.153881782148932,0
33,36.0,-0.20094046617868427,8.153881782148932,0
34,0.0,0.9674772355724188,7.805379004698522,0
34,4.0,0.38646647267810674,7.805379004698522,0
34,8.0,0.28411406346937496,7.805379004698522,0
34,12.0,0.2255874892675866,7.805379004698522,0
34,16.0,0.17408122422468553,7.805379004698522,0
34,20.0,0.12815076028607114,7.805379004698522,0
34,24.0,0.08766145455082629,7.805379004698522,0
34,28.0,0.052403278779574874,7.805379004698522,0
34,32.0,0.022057116078770027,7.805379004698522,0
34,36.0,-0.0037793470477428537,7.805379004698522,0
35,0.0,0.950635835750932,8.0368560175183,0
35,4.0,0.44329578586232915,8.0368560175183,0
35,8.0,0.2911871165930561,8.0368560175183,0
35,12.0,0.21153843997357202,8.0368560175183,0
35,16.0,0.1531506657803594,8.0368560175183,0
35,20.0,0.10941951168053454,8.0368560175183,0
35,24.0,0.07743992960487397,8.0368560175183,0
35,28.0,0.05459615744368293,8.0368560175183,0
35,32.0,0.03857487441714549,8.0368560175183,0
35,36.0,0.027489547078625592,8.0368560175183,0
36,0.0,0.9265312917108554,7.859398793105066,0
36,4.0,0.3001437905572519,7.859398793105066,0
36,8.0,0.11053147975275761,7.859398793105066,0
36,12.0,0.01770935908739901,7.859398793105066,0
36,16.0,-0.032055507604747915,7.859398793105066,0
36,20.0,-0.057288781581006934,7.859398793105066,0
36,24.0,-0.06956291017987994,7.859398793105066,0
36,28.0,-0.07540417272892416,7.859398793105066,0
36,32.0,-0.07815604473159365,7.859398793105066,0
36,36.0,-0.07944805765051291,7.859398793105066,0
37,0.0,1.0817781298183016,7.884989120714864,0
37,4.0,0.5559847641345523,7.884989120714864,0
37,8.0,0.396158616208798,7.884989120714864,0
37,12.0,0.31575136467932224,7.884989120714864,0
37,16.0,0.2559878367733373,7.884989120714864,0
37,20.0,0.20973023443667593,7.884989120714864,0
37,24.0,0.17461992637704435,7.884989120714864,0
37,28.0,0.14855921629450997,7.884989120714864,0
37,32.0,0.12956886050441802,7.884989120714864,0
37,36.0,0.11592578685345059,7.884989120714864,0
38,0.0,0.8666176950657571,8.075142755270138,0
38,4.0,0.15592494902725332,8.075142755270138,0
38,8.0,0.032901454070052606,8.075142755270138,0
38,12.0,-0.01596658559909174,8.075142755270138,0
38,16.0,-0.05626692781466201,8.075142755270138,0
38,20.0,-0.09130673439479134,8.075142755270138,0
38,24.0,-0.12152500163677146,8.075142755270138,0
38,28.0,-0.14731407549342496,8.075142755270138,0
38,32.0,-0.169111890732738,8.075142755270138,0
38,36.0,-0.18737831941126232,8.075142755270138,0
39,0.0,0.9878042324361592,7.851753478467102,0
39,4.0,0.31717978647698997,7.851753478467102,0
39,8.0,0.1981407000458218,7.851753478467102,0
39,12.0,0.1397107056305643,7.851753478467102,0
39,16.0,0.09294171446642936,7.851753478467102,0
39,20.0,0.055024830600845294,7.851753478467102,0
39,24.0,0.024816619317488728,7.851753478467102,0
39,28.0,0.0011403219239302376,7.851753478467102,0
39,32.0,-0.017163489184327793,7.851753478467102,0
39,36.0,-0.031156852919017763,7.851753478467102,0
40,0.0,0.7306283206718841,8.084779620370062,0
40,4.0,0.24597524815585706,8.084779620370062,0
40,8.0,0.089284692328894,8.084779620370062,0
40,12.0,0.003180047217018034,8.084779620370062,0
40,16.0,-0.060383348460573194,8.084779620370062,0
40,20.0,-0.1080205672705472,8.084779620370062,0
40,24.0,-0.14278553870522553,8.084779620370062,0
40,28.0,-0.16751262236476458,8.084779620370062,0
40,32.0,-0.18475026369804065,8.084779620370062,0
40,36.0,-0.19659088641573144,8.084779620370062,0
41,0.0,0.9338906956940525,7.890046119307964,0
41,4.0,0.3205061617083242,7.890046119307964,0
41,8.0,0.19099188333438866,7.890046119307964,0
41,12.0,0.12631377523020287,7.890046119307964,0
41,16.0,0.07372029761999987,7.890046119307964,0
41,20.0,0.029848481350387323,7.890046119307964,0
41,24.0,-0.006161899172003937,7.890046119307964,0
41,28.0,-0.03522425905363291,7.890046119307964,0
41,32.0,-0.05833338338940541,7.890046119307964,0
41,36.0,-0.07647935972104852,7.890046119307964,0
42,0.0,0.8981012160585863,8.133755321984374,0
42,4.0,0.23584005851343826,8.133755321984374,0
42,8.0,0.07464203396385898,8.133755321984374,0
42,12.0,-6.99004132779426e-05,8.133755321984374,0
42,16.0,-0.05422973446138962,8.133755321984374,0
42,20.0,-0.09428548324082704,8.133755321984374,0
42,24.0,-0.1231845128035658,8.133755321984374,0
42,28.0,-0.14357282913333014,8.133755321984374,0
42,32.0,-0.1577147994476485,8.133755321984374,0
42,36.0,-0.1674044463498982,8.133755321984374,0
43,0.0,0.9110765076851217,7.889503230924953,0
43,4.0,0.36347571152372254,7.889503230924953,0
43,8.0,0.26689341737175604,7.889503230924953,0
43,12.0,0.22450983880475262,7.889503230924953,0
43,16.0,0.1874409297336273,7.889503230924953,0
43,20.0,0.15287547705382235,7.889503230924953,0
43,24.0,0.1206849841581307,7.889503230924953,0
43,28.0,0.09086208058646814,7.889503230924953,0
43,32.0,0.06338166427502659,7.889503230924953,0
43,36.0,0.03819450353862727,7.889503230924953,0
44,0.0,0.8606643008802969,8.074869193301309,0
44,4.0,0.2365370265010704,8.074869193301309,0
44,8.0,0.1085084660432633,8.074869193301309,0
44,12.0,0.03831933992877831,8.074869193301309,0
44,16.0,-0.020115637373072745,8.074869193301309,0
44,20.0,-0.06923900974382438,8.074869193301309,0
44,24.0,-0.10975971778507064,8.074869193301309,0
44,28.0,-0.14256379176968648,8.074869193301309,0
44,32.0,-0.16868352393965677,8.074869193301309,0
44,36.0,-0.18918827741221916,8.074869193301309,0
45,0.0,0.8391711675805583,7.932761151243432,0
45,4.0,0.14068370035128336,7.932761151243432,0
45,8.0,0.013414113455947084,7.932761151243432,0
45,12.0,-0.05499835271329159,7.932761151243432,0
45,16.0,-0.11003151417254736,7.932761151243432,0
45,20.0,-0.15419985698343353,7.932761151243432,0
45,24.0,-0.18885978518022642,7.932761151243432,0
45,28.0,-0.21551518759454363,7.932761151243432,0
45,32.0,-0.23567480340130528,7.932761151243432,0
45,36.0,-0.25071908040714264,7.932761151243432,0
46,0.0,1.0473789582780508,7.926686984542944,0
46,4.0,0.5380851101749988,7.926686984542944,0
46,8.0,0.4229210233828052,7.926686984542944,0
46,12.0,0.3636434879150614,7.926686984542944,0
46,16.0,0.31393019799113536,7.926686984542944,0
46,20.0,0.2704691652214823,7.926686984542944,0
46,24.0,0.232833170147684,7.926686984542944,0
46,28.0,0.2006524108153318,7.926686984542944,0
46,32.0,0.17346501179932908,7.926686984542944,0
46,36.0,0.15074526223508233,7.926686984542944,0
47,0.0,0.9097478549573912,7.994747190128938,0
47,4.0,0.2911241271173909,7.994747190128938,0
47,8.0,0.18932867689159252,7.994747190128938,0
47,12.0,0.15501706602121412,7.994747190128938,0
47,16.0,0.12699658406506287,7.994747190128938,0
47,20.0,0.10173497498118275,7.994747190128938,0
47,24.0,0.07894966590799764,7.994747190128938,0
47,28.0,0.058504160978708634,7.994747190128938,0
47,32.0,0.04025338688243156,7.994747190128938,0
47,36.0,0.024040964927168437,7.994747190128938,0
48,0.0,0.7921736460842504,8.052024630276899,0
48,4.0,0.12630533110927478,8.052024630276899,0
48,8.0,0.06652295347978868,8.052024630276899,0
48,12.0,0.03636046979863497,8.052024630276899,0
48,16.0,0.008391567728560798,8.052024630276899,0
48,20.0,-0.017921828938059103,8.052024630276899,0
48,24.0,-0.04259344415937695,8.052024630276899,0
48,28.0,-0.06563900838745168,8.052024630276899,0
48,32.0,-0.08708590242303654,8.052024630276899,0
48,36.0,-0.10697255152331765,8.052024630276899,0
49,0.0,0.9451630724511828,7.99369682906417,0
49,4.0,0.2165441732656282,7.99369682906417,0
49,8.0,0.027996043877184865,7.99369682906417,0
49,12.0,-0.061241119714214934,7.99369682906417,0
49,16.0,-0.11500002335299743,7.99369682906417,0
49,20.0,-0.14630203719084922,7.99369682906417,0
49,24.0,-0.16381682497120087,7.99369682906417,0
49,28.0,-0.1733754290735801,7.99369682906417,0
49,32.0,-0.17851835712721043,7.99369682906417,0
49,36.0,-0.18126409494608559,7.99369682906417,0
50,0.0,1.0156653991173912,8.038016420592957,0
50,4.0,0.5031306870629589,8.038016420592957,0
50,8.0,0.3911539852693641,8.038016420592957,0
50,12.0,0.3288097364058616,8.038016420592957,0
50,16.0,0.2747421022230731,8.038016420592957,0
50,20.0,0.22650421169894985,8.038016420592957,0
50,24.0,0.18391149127146994,8.038016420592957,0
50,28.0,0.1467746362019819,8.038016420592957,0
50,32.0,0.11478762717501678,8.038016420592957,0
50,36.0,0.08754858055626076,8.038016420592957,0
51,0.0,0.8832740249493215,7.915403134146037,0
51,4.0,0.2839248597570647,7.915403134146037,0
51,8.0,0.09474021939740321,7.915403134146037,0
51,12.0,0.011022103744159545,7.915403134146037,0
51,16.0,-0.037149394187060245,7.915403134146037,0
51,20.0,-0.06498402626017327,7.915403134146037,0
51,24.0,-0.0806017835302017,7.915403134146037,0
51,28.0,-0.08918061831965865,7.915403134146037,0
51,32.0,-0.09383478274485577,7.915403134146037,0
51,36.0,-0.09634271022523513,7.915403134146037,0
52,0.0,0.7588989549530055,7.869300807220674,0
52,4.0,0.13603991857465403,7.869300807220674,0
52,8.0,0.046471217915447255,7.869300807220674,0
52,12.0,0.019141427424675145,7.869300807220674,0
52,16.0,-0.00392580322474631,7.869300807220674,0
52,20.0,-0.025672994791554993,7.869300807220674,0
52,24.0,-0.04624217018694737,7.869300807220674,0
52,28.0,-0.0656506417608323,7.869300807220674,0
52,32.0,-0.08391567039158707,7.869300807220674,0
52,36.0,-0.10105989854510997,7.869300807220674,0
53,0.0,0.8186924838310266,8.018289088225973,0
53,4.0,0.31214362443445315,8.018289088225973,0
53,8.0,0.22908449311795753,8.018289088225973,0
53,12.0,0.19866506007426293,8.018289088225973,0
53,16.0,0.17243300505378045,8.018289088225973,0
53,20.0,0.1472943789138153,8.018289088225973,0
53,24.0,0.12308282765947876,8.018289088225973,0
53,28.0,0.09980352039249413,8.018289088225973,0
53,32.0,0.0774682398207191,8.018289088225973,0
53,36.0,0.05608540384934732,8.018289088225973,0
54,0.0,0.8112152225887366,8.001375683377585,0
54,4.0,0.2505345362963432,8.001375683377585,0
54,8.0,0.11902507479239749,8.001375683377585,0
54,12.0,0.03355190069127134,8.001375683377585,0
54,16.0,-0.03936779375987677,8.001375683377585,0
54,20.0,-0.10113082908929914,8.001375683377585,0
54,24.0,-0.15219086857348488,8.001375683377585,0
54,28.0,-0.1934154812987986,8.001375683377585,0
54,32.0,-0.2259967714167163,8.001375683377585,0
54,36.0,-0.2512774114661315,8.001375683377585,0
55,0.0,0.9937071983927561,8.002092800335065,0
55,4.0,0.4974096743017154,8.002092800335065,0
55,8.0,0.40661332226631564,8.002092800335065,0
55,12.0,0.3704203151455132,8.002092800335065,0
55,16.0,0.3393694611506767,8.002092800335065,0
55,20.0,0.3100036419171762,8.002092800335065,0
55,24.0,0.2821212219332506,8.002092800335065,0
55,28.0,0.2557239509158603,8.002092800335065,0
55,32.0,0.230817330400159,8.002092800335065,0
55,36.0,0.207397553552159,8.002092800335065,0
56,0.0,0.8533651488869518,8.099235530365593,0
56,4.0,0.20402588187500864,8.099235530365593,0
56,8.0,0.09494095238192332,8.099235530365593,0
56,12.0,0.04553088638253286,8.099235530365593,0
56,16.0,0.0043412709572794445,8.099235530365593,0
56,20.0,-0.031173450320988783,8.099235530365593,0
56,24.0,-0.06148522098556302,8.099235530365593,0
56,28.0,-0.0870644224590573,8.099235530365593,0
56,32.0,-0.10842854397524723,8.099235530365593,0
56,36.0,-0.12611048226089883,8.099235530365593,0
57,0.0,0.9761164388432805,7.942953419025774,0
57,4.0,0.33184852761909034,7.942953419025774,0
57,8.0,0.13668808942732608,7.942953419025774,0
57,12.0,0.03935236999823451,7.942953419025774,0
57,16.0,-0.019883808717894316,7.942953419025774,0
57,20.0,-0.05472041935164916,7.942953419025774,0
57,24.0,-0.07435294984641373,7.942953419025774,0
57,28.0,-0.08511659216933014,7.942953419025774,0
57,32.0,-0.09092487753506566,7.942953419025774,0
57,36.0,-0.09403195846371558,7.942953419025774,0
58,0.0,0.9333405350546049,8.096855627384647,0
58,4.0,0.20702598851370457,8.096855627384647,0
58,8.0,0.0260889595199639,8.096855627384647,0
58,12.0,-0.062382475944522384,8.096855627384647,0
58,16.0,-0.12433621879951205,8.096855627384647,0
58,20.0,-0.16729880727540414,8.096855627384647,0
58,24.0,-0.19604655255515052,8.096855627384647,0
58,28.0,-0.2147539250733329,8.096855627384647,0
58,32.0,-0.22669380174923207,8.096855627384647,0
58,36.0,-0.2342167590472908,8.096855627384647,0
59,0.0,1.1297637139897838,8.00865323985097,0
59,4.0,0.47801701021945664,8.00865323985097,0
59,8.0,0.3829591078461574,8.00865323985097,0
59,12.0,0.3436357164587772,8.00865323985097,0
59,16.0,0.3091385342747807,8.00865323985097,0
59,20.0,0.2773473074338515,8.00865323985097,0
59,24.0,0.24815598464906183,8.00865323985097,0
59,28.0,0.22150747658940168,8.00865323985097,0
59,32.0,0.19731994988876916,8.00865323985097,0
59,36.0,0.17548753667476774,8.00865323985097,0
60,0.0,0.9936916948931934,7.859817840173756,0
60,4.0,0.3565308508787794,7.859817840173756,0
60,8.0,0.1726118365837666,7.859817840173756,0
60,12.0,0.07863004477370587,7.859817840173756,0
60,16.0,0.019686509984278885,7.859817840173756,0
60,20.0,-0.01605135902432847,7.859817840173756,0
60,24.0,-0.03683671753605473,7.859817840173756,0
60,28.0,-0.04859773444513309,7.859817840173756,0
60,32.0,-0.0551444787366948,7.859817840173756,0
60,36.0,-0.05875500583282213,7.859817840173756,0
61,0.0,0.9052508964553602,7.940383619276652,0
61,4.0,0.2781795733005069,7.940383619276652,0
61,8.0,0.18718698099639544,7.940383619276652,0
61,12.0,0.13805053016389132,7.940383619276652,0
61,16.0,0.09360058305938763,7.940383619276652,0
61,20.0,0.052671378932788455,7.940383619276652,0
61,24.0,0.015253148118390066,7.940383619276652,0
61,28.0,-0.018681821595341905,7.940383619276652,0
61,32.0,-0.049214636321696516,7.940383619276652,0
61,36.0,-0.07647594799293703,7.940383619276652,0
62,0.0,0.7534979666826301,7.992055033743017,0
62,4.0,0.16509496977949525,7.992055033743017,0
62,8.0,0.04735399032508225,7.992055033743017,0
62,12.0,-0.00456751115834389,7.992055033743017,0
62,16.0,-0.047436832432152215,7.992055033743017,0
62,20.0,-0.08493448159809673,7.992055033743017,0
62,24.0,-0.11750579988181203,7.992055033743017,0
62,28.0,-0.14549842464880738,7.992055033743017,0
62,32.0,-0.16931498020409555,7.992055033743017,0
62,36.0,-0.18939460211224984,7.992055033743017,0
63,0.0,0.7490616076304866,8.129907883293779,0
63,4.0,0.20118675819949045,8.129907883293779,0
63,8.0,0.06992328648346924,8.129907883293779,0
63,12.0,0.009249144921171515,8.129907883293779,0
63,16.0,-0.03890587446341574,8.129907883293779,0
63,20.0,-0.07946491192938299,8.129907883293779,0
63,24.0,-0.11330357678209838,8.129907883293779,0
63,28.0,-0.1411402570311602,8.129907883293779,0
63,32.0,-0.1637461893708768,8.129907883293779,0
63,36.0,-0.1819009230762651,8.129907883293779,0
64,0.0,0.8853741494236836,7.976545841459765,0
64,4.0,0.3146891807331391,7.976545841459765,0
64,8.0,0.1930277969863271,7.976545841459765,0
64,12.0,0.14187619923205605,7.976545841459765,0
64,16.0,0.10020593271481587,7.976545841459765,0
64,20.0,0.06350094656296341,7.976545841459765,0
64,24.0,0.03128835915968012,7.976545841459765,0
64,28.0,0.003285885282960338,7.976545841459765,0
64,32.0,-0.020831596287800812,7.976545841459765,0
64,36.0,-0.04142659841390213,7.976545841459765,0
65,0.0,0.7606027964358038,8.029510862035522,0
65,4.0,0.1426836424982714,8.029510862035522,0
65,8.0,-0.015684987761565655,8.029510862035522,0
65,12.0,-0.10467585495097652,8.029510862035522,0
65,16.0,-0.17217072678561665,8.029510862035522,0
65,20.0,-0.22277756171612684,8.029510862035522,0
65,24.0,-0.259470568403006,8.029510862035522,0
65,28.0,-0.28532838163612256,8.029510862035522,0
65,32.0,-0.3031581890586768,8.029510862035522,0
65,36.0,-0.3152590121331412,8.029510862035522,0
66,0.0,0.8499843134883341,7.841283249906398,0
66,4.0,0.2951126043981149,7.841283249906398,0
66,8.0,0.18246777237361766,7.841283249906398,0
66,12.0,0.12961634551787735,7.841283249906398,0
66,16.0,0.08486768413184725,7.841283249906398,0
66,20.0,0.04490767048939539,7.841283249906398,0
66,24.0,0.009443242588579169,7.841283249906398,0
66,28.0,-0.021723047191729513,7.841283249906398,0
66,32.0,-0.04885074161948606,7.841283249906398,0
66,36.0,-0.0722528840001038,7.841283249906398,0
67,0.0,0.8406103349225601,7.826406614459732,0
67,4.0,0.20696198976815539,7.826406614459732,0
67,8.0,0.0644925128422667,7.826406614459732,0
67,12.0,-0.005371706553833427,7.826406614459732,0
67,16.0,-0.0610463407672873,7.826406614459732,0
67,20.0,-0.1066082230335218,7.826406614459732,0
67,24.0,-0.14321164593387575,7.826406614459732,0
67,28.0,-0.17206308706180853,7.826406614459732,0
67,32.0,-0.19443463541397088,7.826406614459732,0
67,36.0,-0.2115488671904205,7.826406614459732,0
68,0.0,0.8541842590082755,7.699212012920623,0
68,4.0,0.3394939057098439,7.699212012920623,0
68,8.0,0.19412838325872636,7.699212012920623,0
68,12.0,0.11051097623036332,7.699212012920623,0
68,16.0,0.04361805600451789,7.699212012920623,0
68,20.0,-0.010542105323508667,7.699212012920623,0
68,24.0,-0.05335500983716804,7.699212012920623,0
68,28.0,-0.0863929983161914,7.699212012920623,0
68,32.0,-0.11136904700112317,7.699212012920623,0
68,36.0,-0.1299380696797343,7.699212012920623,0
69,0.0,0.9633632058248178,8.051252558981313,0
69,4.0,0.44440272302294526,8.051252558981313,0
69,8.0,0.3142306775064281,8.051252558981313,0
69,12.0,0.24145540726635834,8.051252558981313,0
69,16.0,0.1821909004480205,8.051252558981313,0
69,20.0,0.13305016323864513,8.051252558981313,0
69,24.0,0.0930661655160146,8.051252558981313,0
69,28.0,0.061165736576569374,8.051252558981313,0
69,32.0,0.03614984416220875,8.051252558981313,0
69,36.0,0.01681480662335757,8.051252558981313,0
70,0.0,1.0117933026473802,7.954264500806333,0
70,4.0,0.39573823572904704,7.954264500806333,0
70,8.0,0.2858502938964714,7.954264500806333,0
70,12.0,0.23812897485860146,7.954264500806333,0
70,16.0,0.1979611892548096,7.954264500806333,0
70,20.0,0.16236155710506142,7.954264500806333,0
70,24.0,0.13101572131062922,7.954264500806333,0
70,28.0,0.10367137533482587,7.954264500806333,0
70,32.0,0.08002823059112661,7.954264500806333,0
70,36.0,0.05975106666355723,7.954264500806333,0
71,0.0,0.908441474983026,7.963700412894574,0
71,4.0,0.25622199555644937,7.963700412894574,0
71,8.0,0.1605291991726899,7.963700412894574,0
71,12.0,0.11143660560422804,7.963700412894574,0
71,16.0,0.06826841874527378,7.963700412894574,0
71,20.0,0.02961495613407404,7.963700412894574,0
71,24.0,-0.004680666174843943,7.963700412894574,0
71,28.0,-0.03481356518088594,7.963700412894574,0
71,32.0,-0.061044114022206435,7.963700412894574,0
71,36.0,-0.08368131734542189,7.963700412894574,0
72,0.0,0.8227012096538618,8.022748843534572,0
72,4.0,0.34709071760294874,8.022748843534572,0
72,8.0,0.20770187314227695,8.022748843534572,0
72,12.0,0.118379508729556,8.022748843534572,0
72,16.0,0.043089229613645724,8.022748843534572,0
72,20.0,-0.02061784991527224,8.022748843534572,0
72,24.0,-0.07326923252878022,8.022748843534572,0
72,28.0,-0.11573787102883751,8.022748843534572,0
72,32.0,-0.14924483696813695,8.022748843534572,0
72,36.0,-0.17518164227175614,8.022748843534572,0
73,0.0,0.9117346256421015,8.140557551212767,0
73,4.0,0.24826906811846894,8.140557551212767,0
73,8.0,0.05823615942200278,8.140557551212767,0
73,12.0,-0.04386877160393715,8.140557551212767,0
73,16.0,-0.1124521761834733,8.140557551212767,0
73,20.0,-0.15694733735469252,8.140557551212767,0
73,24.0,-0.18453808188849521,8.140557551212767,0
73,28.0,-0.20110616372228823,8.140557551212767,0
73,32.0,-0.21085329028887081,8.140557551212767,0
73,36.0,-0.2165168795809402,8.140557551212767,0
74,0.0,1.015893035974348,7.985240738722371,0
74,4.0,0.39384726761717415,7.985240738722371,0
74,8.0,0.2847767152252268,7.985240738722371,0
74,12.0,0.22845922781864242,7.985240738722371,0
74,16.0,0.18006137871196848,7.985240738722371,0
74,20.0,0.13757504373160673,7.985240738722371,0
74,24.0,0.10070796416971131,7.985240738722371,0
74,28.0,0.06911344608773023,7.985240738722371,0
74,32.0,0.04235058876207062,7.985240738722371,0
74,36.0,0.019918325906065168,7.985240738722371,0
75,0.0,0.9953088083678653,8.0549359324626,0
75,4.0,0.37447077218987984,8.0549359324626,0
75,8.0,0.29598311288173434,8.0549359324626,0
75,12.0,0.25469101718492393,8.0549359324626,0
75,16.0,0.21663731208671927,8.0549359324626,0
75,20.0,0.18086315921421336,8.0549359324626,0
75,24.0,0.14738175846739282,8.0549359324626,0
75,28.0,0.11621110470917496,8.0549359324626,0
75,32.0,0.08734556178116949,8.0549359324626,0
75,36.0,0.060755312320544305,8.0549359324626,0
76,0.0,0.9584094234762686,7.98443361871682,0
76,4.0,0.3048585109143287,7.98443361871682,0
76,8.0,0.20406261402429782,7.98443361871682,0
76,12.0,0.15414242714923426,7.98443361871682,0
76,16.0,0.11064083595150004,7.98443361871682,0
76,20.0,0.07185339303637034,7.98443361871682,0
76,24.0,0.037587462568479765,7.98443361871682,0
76,28.0,0.007620490506079242,7.98443361871682,0
76,32.0,-0.018337215843955736,7.98443361871682,0
76,36.0,-0.04062396853181712,7.98443361871682,0
77,0.0,0.9567359321498379,8.01740898586137,0
77,4.0,0.29575162707823954,8.01740898586137,0
77,8.0,0.10806634984372057,8.01740898586137,0
77,12.0,0.00954743453277098,8.01740898586137,0
77,16.0,-0.05419471373275837,8.01740898586137,0
77,20.0,-0.09393221007474761,8.01740898586137,0
77,24.0,-0.11763371486123506,8.01740898586137,0
77,28.0,-0.13135377590520067,8.01740898586137,0
77,32.0,-0.13915173807054163,8.01740898586137,0
77,36.0,-0.1435366318029758,8.01740898586137,0
78,0.0,0.8734288929293991,7.866503234103692,0
78,4.0,0.3748345185443787,7.866503234103692,0
78,8.0,0.2800047241647741,7.866503234103692,0
78,12.0,0.21492931472172952,7.866503234103692,0
78,16.0,0.15641066341762555,7.866503234103692,0
78,20.0,0.10382852919569507,7.866503234103692,0
78,24.0,0.057200460386060345,7.866503234103692,0
78,28.0,0.01640974922707265,7.866503234103692,0
78,32.0,-0.018808045733225094,7.866503234103692,0
78,36.0,-0.04883943888677039,7.866503234103692,0
79,0.0,0.8405685894009611,8.061114594536875,0
79,4.0,0.23349572908260324,8.061114594536875,0
79,8.0,0.09086737493558379,8.061114594536875,0
79,12.0,0.027977079455077353,8.061114594536875,0
79,16.0,-0.0197721476466275,8.061114594536875,0
79,20.0,-0.05794065336556026,8.061114594536875,0
79,24.0,-0.08802630491013441,8.061114594536875,0
79,28.0,-0.11134955877838937,8.061114594536875,0
79,32.0,-0.12917750733282832,8.061114594536875,0
79,36.0,-0.14265139906388638,8.061114594536875,0
80,0.0,0.7843461549668257,7.942068900462911,0
80,4.0,0.23210320728399791,7.942068900462911,0
80,8.0,0.09019410170075177,7.942068900462911,0
80,12.0,0.0006822125793615741,7.942068900462911,0
80,16.0,-0.07444964089868833,7.942068900462911,0
80,20.0,-0.13725463670527574,7.942068900462911,0
80,24.0,-0.18840270319172348,7.942068900462911,0
80,28.0,-0.2290071215961003,7.942068900462911,0
80,32.0,-0.2605191942291377,7.942068900462911,0
80,36.0,-0.2845107660997241,7.942068900462911,0
81,0.0,0.9230014252032327,8.04787554487542,0
81,4.0,0.3854233015817742,8.04787554487542,0
81,8.0,0.26578370115116373,8.04787554487542,0
81,12.0,0.19030201868955007,8.04787554487542,0
81,16.0,0.12272462599615053,8.04787554487542,0
81,20.0,0.061571055307850855,8.04787554487542,0
81,24.0,0.006974709687031486,8.04787554487542,0
81,28.0,-0.04103836282748362,8.04787554487542,0
81,32.0,-0.08263401817583232,8.04787554487542,0
81,36.0,-0.11815469706493378,8.04787554487542,0
82,0.0,0.7095791082056351,7.891339227242933,0
82,4.0,0.20667244693435677,7.891339227242933,0
82,8.0,0.08286101989647982,7.891339227242933,0
82,12.0,0.03042314751164335,7.891339227242933,0
82,16.0,-0.011404122250041143,7.891339227242933,0
82,20.0,-0.04850208486253743,7.891339227242933,0
82,24.0,-0.08148281880601219,7.891339227242933,0
82,28.0,-0.11056801440816966,7.891339227242933,0
82,32.0,-0.13599837652496236,7.891339227242933,0
82,36.0,-0.15805401052566592,7.891339227242933,0
83,0.0,0.8933251876544192,8.171081826681124,0
83,4.0,0.34824051041979187,8.171081826681124,0
83,8.0,0.23861288417938675,8.171081826681124,0
83,12.0,0.20976733022032854,8.171081826681124,0
83,16.0,0.18874917898258098,8.171081826681124,0
83,20.0,0.16904638918050116,8.171081826681124,0
83,24.0,0.1501480794812333,8.171081826681124,0
83,28.0,0.1320163014716979,8.171081826681124,0
83,32.0,0.11464762478632348,8.171081826681124,0
83,36.0,0.09803884863334064,8.171081826681124,0
84,0.0,0.9295552336907296,7.946785484961306,0
84,4.0,0.34062015172233395,7.946785484961306,0
84,8.0,0.22532577001792511,7.946785484961306,0
84,12.0,0.17374286234259628,7.946785484961306,0
84,16.0,0.1303553070691542,7.946785484961306,0
84,20.0,0.09175789171289087,7.946785484961306,0
84,24.0,0.05763376640260126,7.946785484961306,0
84,28.0,0.027758116157179984,7.946785484961306,0
84,32.0,0.0018480208441480905,7.946785484961306,0
84,36.0,-0.020426942025794505,7.946785484961306,0
85,0.0,0.7352094729296405,7.903819117034582,0
85,4.0,0.15193736053727544,7.903819117034582,0
85,8.0,0.021766683740001708,7.903819117034582,0
85,12.0,-0.04701522929619015,7.903819117034582,0
85,16.0,-0.10246271497048598,7.903819117034582,0
85,20.0,-0.14791376849205948,7.903819117034582,0
85,24.0,-0.18446678281974682,7.903819117034582,0
85,28.0,-0.21331052319406676,7.903819117034582,0
85,32.0,-0.23570234419299307,7.903819117034582,0
85,36.0,-0.2528526578287008,7.903819117034582,0
86,0.0,0.9472409412194754,8.045055804801233,0
86,4.0,0.4204402811326352,8.045055804801233,0
86,8.0,0.2902130041555733,8.045055804801233,0
86,12.0,0.21842383656217124,8.045055804801233,0
86,16.0,0.15921178073707115,8.045055804801233,0
86,20.0,0.10921115363477338,8.045055804801233,0
86,24.0,0.06769298685375304,8.045055804801233,0
86,28.0,0.03384594793903631,8.045055804801233,0
86,32.0,0.0067059183386479065,8.045055804801233,0
86,36.0,-0.01474751632206147,8.045055804801233,0
87,0.0,0.9674150246759264,8.080060392944182,0
87,4.0,0.4975616079719356,8.080060392944182,0
87,8.0,0.39279328831976706,8.080060392944182,0
87,12.0,0.34373787203998446,8.080060392944182,0
87,16.0,0.3023758779521057,8.080060392944182,0
87,20.0,0.2648064230284326,8.080060392944182,0
87,24.0,0.23071259881230616,8.080060392944182,0
87,28.0,0.19999762088036907,8.080060392944182,0
87,32.0,0.17253584665939317,8.080060392944182,0
87,36.0,0.14816123794639136,8.080060392944182,0
88,0.0,0.8949479264493145,8.06744183774209,0
88,4.0,0.24728759628991498,8.06744183774209,0
88,8.0,0.11269179462196074,8.06744183774209,0
88,12.0,0.047180100554012554,8.06744183774209,0
88,16.0,-0.005645273030187151,8.06744183774209,0
88,20.0,-0.04931101021521346,8.06744183774209,0
88,24.0,-0.08479240466562674,8.06744183774209,0
88,28.0,-0.11312242740174497,8.06744183774209,0
88,32.0,-0.13540083898579025,8.06744183774209,0
88,36.0,-0.1526989779581712,8.06744183774209,0
89,0.0,0.9590495777735347,7.9681083872370255,0
89,4.0,0.3647534858649929,7.9681083872370255,0
89,8.0,0.22458635804081523,7.9681083872370255,0
89,12.0,0.15319325773795986,7.9681083872370255,0
89,16.0,0.09608333176038661,7.9681083872370255,0
89,20.0,0.04921592813842263,7.9681083872370255,0
89,24.0,0.01146244577595635,7.9681083872370255,0
89,28.0,-0.0183646790469821,7.9681083872370255,0
89,32.0,-0.04153681009716618,7.9681083872370255,0
89,36.0,-0.059289854407489066,7.9681083872370255,0
90,0.0,0.9498546180432301,8.040765755163257,0
90,4.0,0.4413941190495757,8.040765755163257,0
90,8.0,0.2991797534203168,8.040765755163257,0
90,12.0,0.21721589414863898,8.040765755163257,0
90,16.0,0.1532576972349072,8.040765755163257,0
90,20.0,0.10313300742348683,8.040765755163257,0
90,24.0,0.06487073127300855,8.040765755163257,0
90,28.0,0.03637626207874102,8.040765755163257,0
90,32.0,0.015578687705901501,8.040765755163257,0
90,36.0,0.0006338461605634865,8.040765755163257,0
91,0.0,1.017735227085511,7.97672480193766,0
91,4.0,0.3621447988969818,7.97672480193766,0
91,8.0,0.20927173047593503,7.97672480193766,0
91,12.0,0.13880497359753427,7.97672480193766,0
91,16.0,0.08810218366094791,7.97672480193766,0
91,20.0,0.050961613164076436,7.97672480193766,0
91,24.0,0.024399070621240082,7.97672480193766,0
91,28.0,0.005798892448128229,7.97672480193766,0
91,32.0,-0.007021459148029319,7.97672480193766,0
91,36.0,-0.015758540100318547,7.97672480193766,0
92,0.0,0.9745185484507125,8.020073178302075,0
92,4.0,0.4690693490088509,8.020073178302075,0
92,8.0,0.35566460528837374,8.020073178302075,0
92,12.0,0.299966169932993,8.020073178302075,0
92,16.0,0.2531224177463352,8.020073178302075,0
92,20.0,0.21149863983224274,8.020073178302075,0
92,24.0,0.1747375113129022,8.020073178302075,0
92,28.0,0.14261111529861503,8.020073178302075,0
92,32.0,0.11482308935382088,8.020073178302075,0
92,36.0,0.09101684718292885,8.020073178302075,0
93,0.0,0.8486089036164327,8.009612911411264,0
93,4.0,0.27834465046468776,8.009612911411264,0
93,8.0,0.10844020803344015,8.009612911411264,0
93,12.0,0.03325632548188789,8.009612911411264,0
93,16.0,-0.012817033803498377,8.009612911411264,0
93,20.0,-0.041695620918264946,8.009612911411264,0
93,24.0,-0.05936831855760967,8.009612911411264,0
93,28.0,-0.06996814841387292,8.009612911411264,0
93,32.0,-0.07624363267459708,8.009612911411264,0
93,36.0,-0.07992972434905386,8.009612911411264,0
94,0.0,0.9827988978055441,7.8790676131355815,0
94,4.0,0.5093529493203375,7.8790676131355815,0
94,8.0,0.3940197653130012,7.8790676131355815,0
94,12.0,0.3400032370557021,7.8790676131355815,0
94,16.0,0.2955001124240194,7.8790676131355815,0
94,20.0,0.2557986519469303,7.8790676131355815,0
94,24.0,0.22042903139998746,7.8790676131355815,0
94,28.0,0.18919897333204788,7.8790676131355815,0
94,32.0,0.16187650042487364,7.8790676131355815,0
94,36.0,0.1381791075655345,7.8790676131355815,0
95,0.0,0.9736975538259937,7.912706312781744,0
95,4.0,0.4693068104373721,7.912706312781744,0
95,8.0,0.37161393528816733,7.912706312781744,0
95,12.0,0.32486852796997345,7.912706312781744,0
95,16.0,0.2845100542097505,7.912706312781744,0
95,20.0,0.24771627273314106,7.912706312781744,0
95,24.0,0.2142936003000834,7.912706312781744,0
95,28.0,0.18415667957987805,7.912706312781744,0
95,32.0,0.1571831246841361,7.912706312781744,0
95,36.0,0.1332116929782587,7.912706312781744,0
96,0.0,0.8705184126533068,7.968496824426983,0
96,4.0,0.30373200173850434,7.968496824426983,0
96,8.0,0.21021295488672503,7.968496824426983,0
96,12.0,0.15861937300788306,7.968496824426983,0
96,16.0,0.11294215201720831,7.968496824426983,0
96,20.0,0.0717518109388627,7.968496824426983,0
96,24.0,0.034937726554958595,7.968496824426983,0
96,28.0,0.002358046237805434,7.968496824426983,0
96,32.0,-0.026201397078787124,7.968496824426983,0
96,36.0,-0.05101363231263815,7.968496824426983,0
97,0.0,0.8364054743553069,8.028712780474162,0
97,4.0,0.13600432410179758,8.028712780474162,0
97,8.0,0.004083448235131945,8.028712780474162,0
97,12.0,-0.06768874685319846,8.028712780474162,0
97,16.0,-0.12244640233262692,8.028712780474162,0
97,20.0,-0.16365135518591634,8.028712780474162,0
97,24.0,-0.19381514603838595,8.028712780474162,0
97,28.0,-0.21540292616316808,8.028712780474162,0
97,32.0,-0.23058882946097886,8.028712780474162,0
97,36.0,-0.2411368357872003,8.028712780474162,0
98,0.0,0.8689023525258184,8.080499069837042,0
98,4.0,0.3889802635263945,8.080499069837042,0
98,8.0,0.31136497626393256,8.080499069837042,0
98,12.0,0.27067442514588047,8.080499069837042,0
98,16.0,0.2334023558844799,8.080499069837042,0
98,20.0,0.19795989990015314,8.080499069837042,0
98,24.0,0.16432504494075176,8.080499069837042,0
98,28.0,0.1325362030687917,8.080499069837042,0
98,32.0,0.10262025918866724,8.080499069837042,0
98,36.0,0.07458836933582083,8.080499069837042,0
99,0.0,0.9770331676118356,7.970321659969688,0
99,4.0,0.43275327720693757,7.970321659969688,0
99,8.0,0.26088341724939956,7.970321659969688,0
99,12.0,0.17485955598399502,7.970321659969688,0
99,16.0,0.11352112519909377,7.970321659969688,0
99,20.0,0.06845379823951141,7.970321659969688,0
99,24.0,0.03614948549104556,7.970321659969688,0
99,28.0,0.013565474612078,7.970321659969688,0
99,32.0,-0.001921399465830892,7.970321659969688,0
99,36.0,-0.012394580659841822,7.970321659969688,0
100,0.0,0.804815492575147,8.243571380908742,0
100,4.0,0.06135758661283397,8.243571380908742,0
100,8.0,-0.036560625919876924,8.243571380908742,0
100,12.0,-0.06771954404211777,8.243571380908742,0
100,16.0,-0.0945515842567652,8.243571380908742,0
100,20.0,-0.11942909154412737,8.243571380908742,0
100,24.0,-0.142465631169091,8.243571380908742,0
100,28.0,-0.1637108400067684,8.243571380908742,0
100,32.0,-0.1832247810245332,8.243571380908742,0
100,36.0,-0.20107868391617834,8.243571380908742,0
101,0.0,0.9564130668331495,7.935455850961745,1
101,4.0,0.23364687644830506,7.935455850961745,1
101,8.0,0.15690532290328732,7.935455850961745,1
101,12.0,0.1400441909683228,7.935455850961745,1
101,16.0,0.12537660582536883,7.935455850961745,1
101,20.0,0.11088187080979267,7.935455850961745,1
101,24.0,0.09649705461639974,7.935455850961745,1
101,28.0,0.08222281240355078,7.935455850961745,1
101,32.0,0.06806187146636283,7.935455850961745,1
101,36.0,0.05401703585819338,7.935455850961745,1
102,0.0,1.0619880495805742,7.875231739868523,1
102,4.0,0.48199834754337717,7.875231739868523,1
102,8.0,0.34999842819815496,7.875231739868523,1
102,12.0,0.28332643303258775,7.875231739868523,1
102,16.0,0.22334857801173827,7.875231739868523,1
102,20.0,0.16616837705994036,7.875231739868523,1
102,24.0,0.11174637573462876,7.875231739868523,1
102,28.0,0.06027255267879143,7.875231739868523,1
102,32.0,0.011925421512713696,7.875231739868523,1
102,36.0,-0.0331518693554351,7.875231739868523,1
103,0.0,1.0728260441475888,7.940624415354582,1
103,4.0,0.3250840581866222,7.940624415354582,1
103,8.0,0.19592283456830337,7.940624415354582,1
103,12.0,0.16165002248657095,7.940624415354582,1
103,16.0,0.1332897201561855,7.940624415354582,1
103,20.0,0.10591817147943562,7.940624415354582,1
103,24.0,0.07932019925077644,7.940624415354582,1
103,28.0,0.05350888180723695,7.940624415354582,1
103,32.0,0.02850631057390554,7.940624415354582,1
103,36.0,0.004332677479578384,7.940624415354582,1
104,0.0,0.8157862710973178,7.973098021798518,1
104,4.0,0.12472821356971454,7.973098021798518,1
104,8.0,-0.009673645977104281,7.973098021798518,1
104,12.0,-0.06036529454660816,7.973098021798518,1
104,16.0,-0.10465607630240577,7.973098021798518,1
104,20.0,-0.1471355270624983,7.973098021798518,1
104,24.0,-0.18796069603571902,7.973098021798518,1
104,28.0,-0.22705658898551373,7.973098021798518,1
104,32.0,-0.26434509918649157,7.973098021798518,1
104,36.0,-0.2997594845214321,7.973098021798518,1
105,0.0,0.954027431201462,8.106455979136234,1
105,4.0,0.26519833515047847,8.106455979136234,1
105,8.0,0.12148370347122531,8.106455979136234,1
105,12.0,0.06705843801927576,8.106455979136234,1
105,16.0,0.01992293186058994,8.106455979136234,1
105,20.0,-0.025250059607678295,8.106455979136234,1
105,24.0,-0.06866651109976596,8.106455979136234,1
105,28.0,-0.11024005534588402,8.106455979136234,1
105,32.0,-0.14987719560979956,8.106455979136234,1
105,36.0,-0.18749662895440114,8.106455979136234,1
106,0.0,0.9853123961211293,8.001908569502033,1
106,4.0,0.15644212394728813,8.001908569502033,1
106,8.0,0.004873115940872558,8.001908569502033,1
106,12.0,-0.0513423283030984,8.001908569502033,1
106,16.0,-0.10031809259381985,8.001908569502033,1
106,20.0,-0.14597553250071021,8.001908569502033,1
106,24.0,-0.1883688705114303,8.001908569502033,1
106,28.0,-0.22744016190715938,8.001908569502033,1
106,32.0,-0.26317508424451963,8.001908569502033,1
106,36.0,-0.29560989915289965,8.001908569502033,1
107,0.0,0.932707349669453,7.88199893492234,1
107,4.0,0.20308884172714822,7.88199893492234,1
107,8.0,0.0611038516628525,7.88199893492234,1
107,12.0,-0.0193561835361268,7.88199893492234,1
107,16.0,-0.09300146547058732,7.88199893492234,1
107,20.0,-0.1615855647003926,7.88199893492234,1
107,24.0,-0.22477048864429652,7.88199893492234,1
107,28.0,-0.2822445696237965,7.88199893492234,1
107,32.0,-0.33383073572271543,7.88199893492234,1
107,36.0,-0.3795076378556182,7.88199893492234,1
108,0.0,0.8428133866779514,8.13125034163949,1
108,4.0,0.10622976229346393,8.13125034163949,1
108,8.0,0.02873130146817736,8.13125034163949,1
108,12.0,0.008379561919847012,8.13125034163949,1
108,16.0,-0.009975597223075831,8.13125034163949,1
108,20.0,-0.02811450489502132,8.13125034163949,1
108,24.0,-0.046085558874478114,8.13125034163949,1
108,28.0,-0.06388499645218586,8.13125034163949,1
108,32.0,-0.081507457022339,8.13125034163949,1
108,36.0,-0.09894751126532772,8.13125034163949,1
109,0.0,0.9313126357551774,7.906004011567622,1
109,4.0,0.2860427666799779,7.906004011567622,1
109,8.0,0.15317699094544965,7.906004011567622,1
109,12.0,0.0818461827154431,7.906004011567622,1
109,16.0,0.016317848445209178,7.906004011567622,1
109,20.0,-0.04607525560805512,7.906004011567622,1
109,24.0,-0.10518802827507559,7.906004011567622,1
109,28.0,-0.1607635000046412,7.906004011567622,1
109,32.0,-0.2125783815467242,7.906004011567622,1
109,36.0,-0.260463330485891,7.906004011567622,1
110,0.0,0.910375123768584,7.982118338207533,1
110,4.0,0.40838661388575764,7.982118338207533,1
110,8.0,0.2906543907005796,7.982118338207533,1
110,12.0,0.23098075402592258,7.982118338207533,1
110,16.0,0.17744310613239334,7.982118338207533,1
110,20.0,0.12598263458887013,7.982118338207533,1
110,24.0,0.07643731392231518,7.982118338207533,1
110,28.0,0.028929721773971226,7.982118338207533,1
110,32.0,-0.01640553676840413,7.982118338207533,1
110,36.0,-0.05944621000356086,7.982118338207533,1
111,0.0,0.8668876595226105,8.153065487399754,1
111,4.0,0.18392908539263822,8.153065487399754,1
111,8.0,0.019649293688318685,8.153065487399754,1
111,12.0,-0.05893261271989549,8.153065487399754,1
111,16.0,-0.12782855303381155,8.153065487399754,1
111,20.0,-0.19186975075736207,8.153065487399754,1
111,24.0,-0.25103069507574166,8.153065487399754,1
111,28.0,-0.3050774174652057,8.153065487399754,1
111,32.0,-0.3538695899347885,8.153065487399754,1
111,36.0,-0.39739026873385114,8.153065487399754,1
112,0.0,0.9429997844456548,7.913916081218704,1
112,4.0,0.3407794253796865,7.913916081218704,1
112,8.0,0.22580659420823382,7.913916081218704,1
112,12.0,0.1907808191493929,7.913916081218704,1
112,16.0,0.16201804974337833,7.913916081218704,1
112,20.0,0.13408710537641105,7.913916081218704,1
112,24.0,0.10665016821204701,7.913916081218704,1
112,28.0,0.07970541618407498,7.913916081218704,1
112,32.0,0.05327282400921754,7.913916081218704,1
112,36.0,0.02737348271568047,7.913916081218704,1
113,0.0,0.9184910031759094,7.8712794598982905,1
113,4.0,0.11547714456231842,7.8712794598982905,1
113,8.0,-0.0478437740451545,7.8712794598982905,1
113,12.0,-0.11543127802067052,7.8712794598982905,1
113,16.0,-0.17533969790250803,7.8712794598982905,1
113,20.0,-0.23188351071627666,7.8712794598982905,1
113,24.0,-0.28503571902410063,7.8712794598982905,1
113,28.0,-0.33460952521219456,7.8712794598982905,1
113,32.0,-0.3804595198503092,7.8712794598982905,1
113,36.0,-0.42249958704812596,7.8712794598982905,1
114,0.0,1.0036311812219796,8.165659590497658,1
114,4.0,0.44412563159372703,8.165659590497658,1
114,8.0,0.2517151246673308,8.165659590497658,1
114,12.0,0.14764115618973805,8.165659590497658,1
114,16.0,0.059347187321320216,8.165659590497658,1
114,20.0,-0.021256670255816373,8.165659590497658,1
114,24.0,-0.09442198132854172,8.165659590497658,1
114,28.0,-0.1597626319041704,8.165659590497658,1
114,32.0,-0.2170678055950117,8.165659590497658,1
114,36.0,-0.2664093414275638,8.165659590497658,1
115,0.0,0.8720254785874985,8.043714529501246,1
115,4.0,0.17550976813316757,8.043714529501246,1
115,8.0,0.05587202850308184,8.043714529501246,1
115,12.0,0.013434138730880146,8.043714529501246,1
115,16.0,-0.023975073962881628,8.043714529501246,1
115,20.0,-0.060147597718575946,8.043714529501246,1
115,24.0,-0.095210959389224,8.043714529501246,1
115,28.0,-0.12911949082843013,8.043714529501246,1
115,32.0,-0.161822870887806,8.043714529501246,1
115,36.0,-0.19327510675027942,8.043714529501246,1
116,0.0,1.012799025378006,7.99194740631739,1
116,4.0,0.32915627469072184,7.99194740631739,1
116,8.0,0.20051991267613695,7.99194740631739,1
116,12.0,0.15363804199129716,7.99194740631739,1
116,16.0,0.11253118985036444,7.99194740631739,1
116,20.0,0.0727080908047103,7.99194740631739,1
116,24.0,0.03399349519724387,7.99194740631739,1
116,28.0,-0.0035580495006462404,7.99194740631739,1
116,32.0,-0.039882160683473514,7.99194740631739,1
116,36.0,-0.07491746460602962,7.99194740631739,1
117,0.0,0.9854960568816598,8.14150650895681,1
117,4.0,0.24960558070449324,8.14150650895681,1
117,8.0,0.11804717893653732,8.14150650895681,1
117,12.0,0.06054532003663726,8.14150650895681,1
117,16.0,0.008717824497206775,8.14150650895681,1
117,20.0,-0.040460200489390655,8.14150650895681,1
117,24.0,-0.08696792968258334,8.14150650895681,1
117,28.0,-0.1306800235760312,8.14150650895681,1
117,32.0,-0.17149671222134566,8.14150650895681,1
117,36.0,-0.20935402316091195,8.14150650895681,1
118,0.0,1.0885257709679683,7.987039390013325,1
118,4.0,0.5289892295483277,7.987039390013325,1
118,8.0,0.43205871379461924,7.987039390013325,1
118,12.0,0.38589965108840985,7.987039390013325,1
118,16.0,0.3432984600293274,7.987039390013325,1
118,20.0,0.3017669697168678,7.987039390013325,1
118,24.0,0.26124591390249263,7.987039390013325,1
118,28.0,0.2217987476253935,7.987039390013325,1
118,32.0,0.18349428041271534,7.987039390013325,1
118,36.0,0.14639970052213197,7.987039390013325,1
119,0.0,0.711846264909968,7.864550487662078,1
119,4.0,0.1401139624315468,7.864550487662078,1
119,8.0,0.057782086175862335,7.864550487662078,1
119,12.0,0.02501065746715772,7.864550487662078,1
119,16.0,-0.004980719586963556,7.864550487662078,1
119,20.0,-0.03444285567950528,7.864550487662078,1
119,24.0,-0.06345647841964155,7.864550487662078,1
119,28.0,-0.09200345500382714,7.864550487662078,1
119,32.0,-0.12006106979181339,7.864550487662078,1
119,36.0,-0.14760643410299878,7.864550487662078,1
120,0.0,0.8984532012408857,7.977342437446661,1
120,4.0,0.21627910230479397,7.977342437446661,1
120,8.0,0.08157358077952298,7.977342437446661,1
120,12.0,0.048262603585198224,7.977342437446661,1
120,16.0,0.0227387255704359,7.977342437446661,1
120,20.0,-0.0018487207532645108,7.977342437446661,1
120,24.0,-0.025917430099662637,7.977342437446661,1
120,28.0,-0.049477467004817366,7.977342437446661,1
120,32.0,-0.07251392812674709,7.977342437446661,1
120,36.0,-0.09501106581809407,7.977342437446661,1
121,0.0,0.9479112950830102,8.02236419302655,1
121,4.0,0.1314448322693362,8.02236419302655,1
121,8.0,-0.1343148431122615,8.02236419302655,1
121,12.0,-0.27521816444915237,8.02236419302655,1
121,16.0,-0.38141625270380863,8.02236419302655,1
121,20.0,-0.4602923169698525,8.02236419302655,1
121,24.0,-0.5157750614357184,8.02236419302655,1
121,28.0,-0.5529826870577657,8.02236419302655,1
121,32.0,-0.577053438448126,8.02236419302655,1
121,36.0,-0.5922438445781897,8.02236419302655,1
122,0.0,0.8884135584509265,8.129073407022553,1
122,4.0,0.35079034925239655,8.129073407022553,1
122,8.0,0.21458533724156373,8.129073407022553,1
122,12.0,0.16199680625669916,8.129073407022553,1
122,16.0,0.11897197334193835,8.129073407022553,1
122,20.0,0.0778605280795749,8.129073407022553,1
122,24.0,0.038032743840020186,8.129073407022553,1
122,28.0,-0.0004998453016524414,8.129073407022553,1
122,32.0,-0.03767115940446296,8.129073407022553,1
122,36.0,-0.07341487846144197,8.129073407022553,1
123,0.0,0.8615046358623905,7.9332192130028965,1
123,4.0,0.40297413765576146,7.9332192130028965,1
123,8.0,0.21855980321503882,7.9332192130028965,1
123,12.0,0.10372338817455681,7.9332192130028965,1
123,16.0,0.0052370540131269,7.9332192130028965,1
123,20.0,-0.08378863159744215,7.9332192130028965,1
123,24.0,-0.1634792327569759,7.9332192130028965,1
123,28.0,-0.2333715807908779,7.9332192130028965,1
123,32.0,-0.2933032862094454,7.9332192130028965,1
123,36.0,-0.3435440483117989,7.9332192130028965,1
124,0.0,0.9482713184771087,8.005853744884043,1
124,4.0,0.35371249331690163,8.005853744884043,1
124,8.0,0.209922647654843,8.005853744884043,1
124,12.0,0.14428674427131014,8.005853744884043,1
124,16.0,0.08682797320464558,8.005853744884043,1
124,20.0,0.03203337722342628,8.005853744884043,1
124,24.0,-0.02031837881416091,8.005853744884043,1
124,28.0,-0.07007652557741753,8.005853744884043,1
124,32.0,-0.11708228374677954,8.005853744884043,1
124,36.0,-0.1612016554931653,8.005853744884043,1
125,0.0,0.9372106817274692,8.013064700818878,1
125,4.0,0.2694904092297098,8.013064700818878,1
125,8.0,0.1373559828639332,8.013064700818878,1
125,12.0,0.07289915882615353,8.013064700818878,1
125,16.0,0.014196757594216385,8.013064700818878,1
125,20.0,-0.04186482910147413,8.013064700818878,1
125,24.0,-0.09523578115724324,8.013064700818878,1
125,28.0,-0.14572856418580316,8.013064700818878,1
125,32.0,-0.19317445377530007,8.013064700818878,1
125,36.0,-0.23743924743789196,8.013064700818878,1
126,0.0,0.7194737198546471,7.8835367460328145,1
126,4.0,0.03995313108442236,7.8835367460328145,1
126,8.0,-0.0858466216251912,7.8835367460328145,1
126,12.0,-0.1293063986129517,7.8835367460328145,1
126,16.0,-0.16686047370968674,7.8835367460328145,1
126,20.0,-0.2030796559419555,7.8835367460328145,1
126,24.0,-0.23815583819017627,7.8835367460328145,1
126,28.0,-0.27204742070143756,7.8835367460328145,1
126,32.0,-0.30470422014507925,7.8835367460328145,1
126,36.0,-0.3360804847497462,7.8835367460328145,1
127,0.0,0.8508747051431991,8.057256107972371,1
127,4.0,0.17875922972952396,8.057256107972371,1
127,8.0,0.06878886589818504,8.057256107972371,1
127,12.0,0.02736493295966784,8.057256107972371,1
127,16.0,-0.009744068704981936,8.057256107972371,1
127,20.0,-0.04573024680584596,8.057256107972371,1
127,24.0,-0.08068867731461632,8.057256107972371,1
127,28.0,-0.11457378032656453,8.057256107972371,1
127,32.0,-0.14733631767404254,8.057256107972371,1
127,36.0,-0.17893051575559882,8.057256107972371,1
128,0.0,0.7684278574828516,8.165120952448357,1
128,4.0,-0.08511973700857087,8.165120952448357,1
128,8.0,-0.24704057959812603,8.165120952448357,1
128,12.0,-0.31843572465441217,8.165120952448357,1
128,16.0,-0.37970509133993036,8.165120952448357,1
128,20.0,-0.43397304665384323,8.165120952448357,1
128,24.0,-0.4813775749127356,8.165120952448357,1
128,28.0,-0.5221516166164193,8.165120952448357,1
128,32.0,-0.5567077831554417,8.165120952448357,1
128,36.0,-0.5855965815663989,8.165120952448357,1
129,0.0,0.8310047497099378,8.118898798393928,1
129,4.0,0.2387699543622241,8.118898798393928,1
129,8.0,0.056975354083407606,8.118898798393928,1
129,12.0,-0.023855949671740026,8.118898798393928,1
129,16.0,-0.08986123666253393,8.118898798393928,1
129,20.0,-0.15070114267025697,8.118898798393928,1
129,24.0,-0.20706491702919472,8.118898798393928,1
129,28.0,-0.25882566195502305,8.118898798393928,1
129,32.0,-0.30586071603697884,8.118898798393928,1
129,36.0,-0.3481396379845935,8.118898798393928,1
130,0.0,0.923248482762288,8.079433676818706,1
130,4.0,0.34435455912393115,8.079433676818706,1
130,8.0,0.20385555052926518,8.079433676818706,1
130,12.0,0.13981493921062355,8.079433676818706,1
130,16.0,0.08409806942699193,8.079433676818706,1
130,20.0,0.031199508675222108,8.079433676818706,1
130,24.0,-0.019121595574263767,8.079433676818706,1
130,28.0,-0.06673081959780564,8.079433676818706,1
130,32.0,-0.11148981438122015,8.079433676818706,1
130,36.0,-0.15328980987222057,8.079433676818706,1
131,0.0,0.8816761186536778,8.025338864973955,1
131,4.0,0.2935923752211032,8.025338864973955,1
131,8.0,0.17640179251161417,8.025338864973955,1
131,12.0,0.1184334236129568,8.025338864973955,1
131,16.0,0.06546468948075103,8.025338864973955,1
131,20.0,0.014393904024503603,8.025338864973955,1
131,24.0,-0.03481140874903117,8.025338864973955,1
131,28.0,-0.08201941417001987,8.025338864973955,1
131,32.0,-0.12709790532161191,8.025338864973955,1
131,36.0,-0.16992747863540958,8.025338864973955,1
132,0.0,0.9924782720086419,8.121797806596819,1
132,4.0,0.33357322939688844,8.121797806596819,1
132,8.0,0.21314028952236075,8.121797806596819,1
132,12.0,0.16752470114761026,8.121797806596819,1
132,16.0,0.12730764248291954,8.121797806596819,1
132,20.0,0.0884860667728444,8.121797806596819,1
132,24.0,0.050914135752837965,8.121797806596819,1
132,28.0,0.014646713992836083,8.121797806596819,1
132,32.0,-0.02025532096579155,8.121797806596819,1
132,36.0,-0.05373658662887325,8.121797806596819,1
133,0.0,0.9929227061590431,8.134578387252896,1
133,4.0,0.28420840266144193,8.134578387252896,1
133,8.0,0.13958851900680513,8.134578387252896,1
133,12.0,0.07716787037377916,8.134578387252896,1
133,16.0,0.021675560141499087,8.134578387252896,1
133,20.0,-0.03105460147544191,8.134578387252896,1
133,24.0,-0.08106176465681106,8.134578387252896,1
133,28.0,-0.1281937153346622,8.134578387252896,1
133,32.0,-0.17231743881215045,8.134578387252896,1
133,36.0,-0.21333633624472875,8.134578387252896,1
134,0.0,0.8442509519629975,7.982285451228791,1
134,4.0,0.1671196515122046,7.982285451228791,1
134,8.0,-0.00826355652579129,7.982285451228791,1
134,12.0,-0.10693625427326217,7.982285451228791,1
134,16.0,-0.19362443767865317,7.982285451228791,1
134,20.0,-0.27168493603206284,7.982285451228791,1
134,24.0,-0.3407763366668336,7.982285451228791,1
134,28.0,-0.4006744082887482,7.982285451228791,1
134,32.0,-0.45152317931130115,7.982285451228791,1
134,36.0,-0.4938238281887914,7.982285451228791,1
135,0.0,0.9320207151477338,8.032711694505721,1
135,4.0,0.11079430118991389,8.032711694505721,1
135,8.0,-0.0719127050029541,8.032711694505721,1
135,12.0,-0.1594980468430523,8.032711694505721,1
135,16.0,-0.23362120706130243,8.032711694505721,1
135,20.0,-0.29796018961880455,8.032711694505721,1
135,24.0,-0.35272130496810966,8.032711694505721,1
135,28.0,-0.39835052579758534,8.032711694505721,1
135,32.0,-0.43562228132661895,8.032711694505721,1
135,36.0,-0.46553200369748876,8.032711694505721,1
136,0.0,0.9007665389388998,8.008398428955859,1
136,4.0,0.29832910229730386,8.008398428955859,1
136,8.0,0.19995678191640465,8.008398428955859,1
136,12.0,0.15914591055905977,8.008398428955859,1
136,16.0,0.12201000325665606,8.008398428955859,1
136,20.0,0.08576046404800902,8.008398428955859,1
136,24.0,0.050307001365591825,8.008398428955859,1
136,28.0,0.015690507464161216,8.008398428955859,1
136,32.0,-0.018042327690520117,8.008398428955859,1
136,36.0,-0.050845655382422375,8.008398428955859,1
137,0.0,0.9927746424881239,8.025381326400929,1
137,4.0,0.30594922633007804,8.025381326400929,1
137,8.0,0.07486445300431775,8.025381326400929,1
137,12.0,-0.036507173465658946,8.025381326400929,1
137,16.0,-0.12459389644246863,8.025381326400929,1
137,20.0,-0.19921417649562528,8.025381326400929,1
137,24.0,-0.2612768069479988,8.025381326400929,1
137,28.0,-0.3115245569502233,8.025381326400929,1
137,32.0,-0.35117716853408093,8.025381326400929,1
137,36.0,-0.3817730043077624,8.025381326400929,1
138,0.0,0.872213686013436,7.912745885560388,1
138,4.0,0.1637258782495416,7.912745885560388,1
138,8.0,0.07658726651980946,7.912745885560388,1
138,12.0,0.026061376700445567,7.912745885560388,1
138,16.0,-0.02241236156267195,7.912745885560388,1
138,20.0,-0.06954818258071721,7.912745885560388,1
138,24.0,-0.11525602402403731,7.912745885560388,1
138,28.0,-0.15942880905712292,7.912745885560388,1
138,32.0,-0.20196257705739762,7.912745885560388,1
138,36.0,-0.24275946340290092,7.912745885560388,1
139,0.0,0.9019629666741414,7.994366183008584,1
139,4.0,0.1808099810376108,7.994366183008584,1
139,8.0,0.08054283295587036,7.994366183008584,1
139,12.0,0.02863457860209822,7.994366183008584,1
139,16.0,-0.0202756758896053,7.994366183008584,1
139,20.0,-0.06745129776701991,7.994366183008584,1
139,24.0,-0.1128079004392524,7.994366183008584,1
139,28.0,-0.15622938888751284,7.994366183008584,1
139,32.0,-0.19760924738485383,7.994366183008584,1
139,36.0,-0.23685518440841674,7.994366183008584,1
140,0.0,0.8101526266729434,8.04538045488612,1
140,4.0,0.18856159222596128,8.04538045488612,1
140,8.0,0.08814013521293423,8.04538045488612,1
140,12.0,0.04389098154441562,8.04538045488612,1
140,16.0,0.0034594830654875036,8.04538045488612,1
140,20.0,-0.03561058679206867,8.04538045488612,1
140,24.0,-0.0733595721215213,8.04538045488612,1
140,28.0,-0.10972368088048211,8.04538045488612,1
140,32.0,-0.14463995664273732,8.04538045488612,1
140,36.0,-0.17805239436463957,8.04538045488612,1
141,0.0,0.9229680658742618,8.03056040269252,1
141,4.0,0.3324202427849722,8.03056040269252,1
141,8.0,0.1606465458398427,8.03056040269252,1
141,12.0,0.08388972312841378,8.03056040269252,1
141,16.0,0.020975462997548645,8.03056040269252,1
141,20.0,-0.03643627874854413,8.03056040269252,1
141,24.0,-0.08890459131057728,8.03056040269252,1
141,28.0,-0.13637086750217037,8.03056040269252,1
141,32.0,-0.17882495686607172,8.03056040269252,1
141,36.0,-0.21636507706369507,8.03056040269252,1
142,0.0,0.9454912479060198,7.982078246241261,1
142,4.0,0.4314115249640724,7.982078246241261,1
142,8.0,0.31822203448467645,7.982078246241261,1
142,12.0,0.25935056902401105,7.982078246241261,1
142,16.0,0.20577238187696434,7.982078246241261,1
142,20.0,0.15412283677827726,7.982078246241261,1
142,24.0,0.10431695408332509,7.982078246241261,1
142,28.0,0.05648264476539151,7.982078246241261,1
142,32.0,0.010754037002397576,7.982078246241261,1
142,36.0,-0.032746231545588714,7.982078246241261,1
143,0.0,0.9540290774229566,7.9940614192229775,1
143,4.0,0.31265655573260553,7.9940614192229775,1
143,8.0,0.18239258348540044,7.9940614192229775,1
143,12.0,0.11764189379678108,7.9940614192229775,1
143,16.0,0.05883375660552043,7.9940614192229775,1
143,20.0,0.002822089093373198,7.9940614192229775,1
143,24.0,-0.05034951837138426,7.9940614192229775,1
143,28.0,-0.10049400974472544,7.9940614192229775,1
143,32.0,-0.1474470314231359,7.9940614192229775,1
143,36.0,-0.1910837743254378,7.9940614192229775,1
144,0.0,0.7653318693680643,7.9249083282896295,1
144,4.0,0.008799318333955669,7.9249083282896295,1
144,8.0,-0.13343087585965224,7.9249083282896295,1
144,12.0,-0.17986170589471834,7.9249083282896295,1
144,16.0,-0.2194064858213779,7.9249083282896295,1
144,20.0,-0.25700896378021965,7.9249083282896295,1
144,24.0,-0.2928479224023678,7.9249083282896295,1
144,28.0,-0.32687784039023976,7.9249083282896295,1
144,32.0,-0.35905521876289315,7.9249083282896295,1
144,36.0,-0.38935100950873724,7.9249083282896295,1
145,0.0,0.936582748219033,7.878932938421932,1
145,4.0,0.2216767028597395,7.878932938421932,1
145,8.0,0.11198473350686211,7.878932938421932,1
145,12.0,0.0750583201494184,7.878932938421932,1
145,16.0,0.042476167871398796,7.878932938421932,1
145,20.0,0.011104525017842398,7.878932938421932,1
145,24.0,-0.01914972590142934,7.878932938421932,1
145,28.0,-0.0482558838038237,7.878932938421932,1
145,32.0,-0.07618294615826307,7.878932938421932,1
145,36.0,-0.10290538775739719,7.878932938421932,1
146,0.0,0.8824121968469357,7.921371904738855,1
146,4.0,0.2547873021811954,7.921371904738855,1
146,8.0,0.14743753802276294,7.921371904738855,1
146,12.0,0.11390231783811319,7.921371904738855,1
146,16.0,0.08525604305961876,7.921371904738855,1
146,20.0,0.05724597277108384,7.921371904738855,1
146,24.0,0.029653005477637544,7.921371904738855,1
146,28.0,0.002483837969649013,7.921371904738855,1
146,32.0,-0.024242185634287032,7.921371904738855,1
146,36.0,-0.05050501981575288,7.921371904738855,1
147,0.0,0.8199870513178616,8.139622461126324,1
147,4.0,0.18967797665387187,8.139622461126324,1
147,8.0,0.03680546357251138,8.139622461126324,1
147,12.0,-0.041562771237852916,8.139622461126324,1
147,16.0,-0.11126320752378105,8.139622461126324,1
147,20.0,-0.17653221476902245,8.139622461126324,1
147,24.0,-0.2373015186061082,8.139622461126324,1
147,28.0,-0.29329732210803205,8.139622461126324,1
147,32.0,-0.34431988410479186,8.139622461126324,1
147,36.0,-0.3902766833500175,8.139622461126324,1
148,0.0,0.8896145710823099,7.878194801434495,1
148,4.0,0.27515457475867233,7.878194801434495,1
148,8.0,0.17578414127550213,7.878194801434495,1
148,12.0,0.12310642096014615,7.878194801434495,1
148,16.0,0.07373556504818783,7.878194801434495,1
148,20.0,0.02598927180764765,7.878194801434495,1
148,24.0,-0.020081038523725746,7.878194801434495,1
148,28.0,-0.0643605597652272,7.878194801434495,1
148,32.0,-0.1067393282999918,7.878194801434495,1
148,36.0,-0.14711807198937732,7.878194801434495,1
149,0.0,0.8315582861847223,8.061135796060237,1
149,4.0,0.04341187429163994,8.061135796060237,1
149,8.0,-0.08354161743291016,8.061135796060237,1
149,12.0,-0.15039222392973303,8.061135796060237,1
149,16.0,-0.2126070539610836,8.061135796060237,1
149,20.0,-0.27172150586034394,8.061135796060237,1
149,24.0,-0.32753047905336546,8.061135796060237,1
149,28.0,-0.3798078732923779,8.061135796060237,1
149,32.0,-0.42837102043572955,8.061135796060237,1
149,36.0,-0.4730937519239078,8.061135796060237,1
150,0.0,0.9478983708906072,8.093967583264746,1
150,4.0,0.3273629966640586,8.093967583264746,1
150,8.0,0.22333294270711956,8.093967583264746,1
150,12.0,0.18836137463511915,8.093967583264746,1
150,16.0,0.15798533206946525,8.093967583264746,1
150,20.0,0.1284171423208273,8.093967583264746,1
150,24.0,0.09948004375180008,8.093967583264746,1
150,28.0,0.07119105545328291,8.093967583264746,1
150,32.0,0.043576823143171746,8.093967583264746,1
150,36.0,0.016663510675814824,8.093967583264746,1
151,0.0,0.9082151752543867,7.959379320432015,1
151,4.0,0.19372704611232633,7.959379320432015,1
151,8.0,0.010614765220097706,7.959379320432015,1
151,12.0,-0.06303160346540101,7.959379320432015,1
151,16.0,-0.12189482596792034,7.959379320432015,1
151,20.0,-0.17336900793011173,7.959379320432015,1
151,24.0,-0.21805640849167393,7.959379320432015,1
151,28.0,-0.2562898188644874,7.959379320432015,1
151,32.0,-0.28853732324144515,7.959379320432015,1
151,36.0,-0.3153816439425615,7.959379320432015,1
152,0.0,0.9161996968678701,8.099686996333658,1
152,4.0,0.2623035384227769,8.099686996333658,1
152,8.0,0.1297592185372592,8.099686996333658,1
152,12.0,0.10840490335133264,8.099686996333658,1
152,16.0,0.09658738893588084,8.099686996333658,1
152,20.0,0.08556886355871315,8.099686996333658,1
152,24.0,0.07471409942171627,8.099686996333658,1
152,28.0,0.06397885183352409,8.099686996333658,1
152,32.0,0.05336131763400788,8.099686996333658,1
152,36.0,0.04286269815366876,8.099686996333658,1
153,0.0,0.754609263851348,8.064331959712145,1
153,4.0,0.13408069031157957,8.064331959712145,1
153,8.0,-0.09042092026090615,8.064331959712145,1
153,12.0,-0.2247909689430358,8.064331959712145,1
153,16.0,-0.3344618366350691,8.064331959712145,1
153,20.0,-0.4248171733592041,8.064331959712145,1
153,24.0,-0.49649545730258604,8.064331959712145,1
153,28.0,-0.5510866199399805,8.064331959712145,1
153,32.0,-0.5911758816001897,8.064331959712145,1
153,36.0,-0.6197447827026734,8.064331959712145,1
154,0.0,0.872516369927392,7.807134707609679,1
154,4.0,0.1252770326290497,7.807134707609679,1
154,8.0,-0.0026740553111901273,7.807134707609679,1
154,12.0,-0.06570345979749563,7.807134707609679,1
154,16.0,-0.12358978487717193,7.807134707609679,1
154,20.0,-0.17847229234396794,7.807134707609679,1
154,24.0,-0.23022340167274086,7.807134707609679,1
154,28.0,-0.27866476391984046,7.807134707609679,1
154,32.0,-0.3236573203334243,7.807134707609679,1
154,36.0,-0.3651124748675886,7.807134707609679,1
155,0.0,0.8003308183696386,8.281499913279605,1
155,4.0,0.1506945902177457,8.281499913279605,1
155,8.0,0.04055765281625007,8.281499913279605,1
155,12.0,0.0002834514815256012,8.281499913279605,1
155,16.0,-0.035490870526176846,8.281499913279605,1
155,20.0,-0.07034190140279166,8.281499913279605,1
155,24.0,-0.10440767384099062,8.281499913279605,1
155,28.0,-0.13765352791008315,8.281499913279605,1
155,32.0,-0.17003695336806068,8.281499913279605,1
155,36.0,-0.20151635252823125,8.281499913279605,1
156,0.0,0.9424111194239319,7.952149733441186,1
156,4.0,0.4089025939464672,7.952149733441186,1
156,8.0,0.3106526965092169,7.952149733441186,1
156,12.0,0.2635734578897121,7.952149733441186,1
156,16.0,0.2204246349263794,7.952149733441186,1
156,20.0,0.17843990632614273,7.952149733441186,1
156,24.0,0.13753444758730102,7.952149733441186,1
156,28.0,0.09777311068937981,7.952149733441186,1
156,32.0,0.05922772409839855,7.952149733441186,1
156,36.0,0.021967935455393196,7.952149733441186,1
157,0.0,0.8648906889930363,8.086485424933501,1
157,4.0,0.2005111544261801,8.086485424933501,1
157,8.0,0.10031585889186173,8.086485424933501,1
157,12.0,0.06130973978058629,8.086485424933501,1
157,16.0,0.025759653273308855,8.086485424933501,1
157,20.0,-0.008924334106744793,8.086485424933501,1
157,24.0,-0.0428085320175676,8.086485424933501,1
157,28.0,-0.07585366207519961,8.086485424933501,1
157,32.0,-0.1080170010072016,8.086485424933501,1
157,36.0,-0.13925719965812106,8.086485424933501,1
158,0.0,0.9594541577804756,7.925860171690598,1
158,4.0,0.286285223125523,7.925860171690598,1
158,8.0,0.15433328984398706,7.925860171690598,1
158,12.0,0.08652238968409083,7.925860171690598,1
158,16.0,0.02405249023935277,7.925860171690598,1
158,20.0,-0.03579745172608686,7.925860171690598,1
158,24.0,-0.0929205936163627,7.925860171690598,1
158,28.0,-0.14709289301786063,7.925860171690598,1
158,32.0,-0.19810796905052064,7.925860171690598,1
158,36.0,-0.2457933287324769,7.925860171690598,1
159,0.0,0.724884735925428,8.05503836617734,1
159,4.0,-0.029281120338675692,8.05503836617734,1
159,8.0,-0.20644968019085058,8.05503836617734,1
159,12.0,-0.28304852145272974,8.05503836617734,1
159,16.0,-0.3484216464862213,8.05503836617734,1
159,20.0,-0.4079928492250013,8.05503836617734,1
159,24.0,-0.46184622591505364,8.05503836617734,1
159,28.0,-0.5099042800052322,8.05503836617734,1
159,32.0,-0.5522254088889126,8.05503836617734,1
159,36.0,-0.5890137044342313,8.05503836617734,1
160,0.0,0.8731449608869358,7.938201524656567,1
160,4.0,0.07447681010499764,7.938201524656567,1
160,8.0,-0.06449957450730553,7.938201524656567,1
160,12.0,-0.11593294321284778,7.938201524656567,1
160,16.0,-0.16138130229701148,7.938201524656567,1
160,20.0,-0.20444668098702262,7.938201524656567,1
160,24.0,-0.2451752431178092,7.938201524656567,1
160,28.0,-0.28348950632823244,7.938201524656567,1
160,32.0,-0.31933076627065976,7.938201524656567,1
160,36.0,-0.3526672572219226,7.938201524656567,1
161,0.0,0.8639677408761461,8.081638559476456,1
161,4.0,0.17603090877182406,8.081638559476456,1
161,8.0,0.07237848089609644,8.081638559476456,1
161,12.0,0.027407503299771277,8.081638559476456,1
161,16.0,-0.014062850859559925,8.081638559476456,1
161,20.0,-0.054220928823288925,8.081638559476456,1
161,24.0,-0.09307608125765301,8.081638559476456,1
161,28.0,-0.13055830215179087,8.081638559476456,1
161,32.0,-0.16659946305440315,8.081638559476456,1
161,36.0,-0.20113791886004026,8.081638559476456,1
162,0.0,0.8488514024343343,7.8741102227581665,1
162,4.0,0.3148775935672672,7.8741102227581665,1
162,8.0,0.13152285508176265,7.8741102227581665,1
162,12.0,0.006827157113503388,7.8741102227581665,1
162,16.0,-0.10464876098278189,7.8741102227581665,1
162,20.0,-0.20535757683606437,7.8741102227581665,1
162,24.0,-0.29430109532034743,7.8741102227581665,1
162,28.0,-0.3707093528029356,7.8741102227581665,1
162,32.0,-0.4344765682411379,7.8741102227581665,1
162,36.0,-0.4862054649513736,7.8741102227581665,1
163,0.0,0.9260642402038091,8.178737940255942,1
163,4.0,0.26487774484150817,8.178737940255942,1
163,8.0,0.12923107496427877,8.178737940255942,1
163,12.0,0.07110467280429339,8.178737940255942,1
163,16.0,0.019855820231280828,8.178737940255942,1
163,20.0,-0.028771691807663403,8.178737940255942,1
163,24.0,-0.07487713528184137,8.178737940255942,1
163,28.0,-0.11834757700680432,8.178737940255942,1
163,32.0,-0.15908406068357714,8.178737940255942,1
163,36.0,-0.19701854302381272,8.178737940255942,1
164,0.0,1.0218372513186327,8.013795348823754,1
164,4.0,0.4285099628474701,8.013795348823754,1
164,8.0,0.33076506906065345,8.013795348823754,1
164,12.0,0.2840572729361286,8.013795348823754,1
164,16.0,0.24063549089683114,8.013795348823754,1
164,20.0,0.19825119040881112,8.013795348823754,1
164,24.0,0.15687119767251656,8.013795348823754,1
164,28.0,0.11656317761156576,8.013795348823754,1
164,32.0,0.07739889431245095,8.013795348823754,1
164,36.0,0.03944873891940971,8.013795348823754,1
165,0.0,0.821447089261691,8.046375222073815,1
165,4.0,0.04896710793716143,8.046375222073815,1
165,8.0,-0.11917694479624309,8.046375222073815,1
165,12.0,-0.21047391441015345,8.046375222073815,1
165,16.0,-0.291615082990421,8.046375222073815,1
165,20.0,-0.3650244163291582,8.046375222073815,1
165,24.0,-0.43035419262606783,8.046375222073815,1
165,28.0,-0.48741337459817263,8.046375222073815,1
165,32.0,-0.536314787038184,8.046375222073815,1
165,36.0,-0.5774635904189953,8.046375222073815,1
166,0.0,0.9620523721924465,8.058464224017207,1
166,4.0,0.0803817824290318,8.058464224017207,1
166,8.0,-0.19373281574337178,8.058464224017207,1
166,12.0,-0.3321180834494499,8.058464224017207,1
166,16.0,-0.42203630201874054,8.058464224017207,1
166,20.0,-0.4773174730133686,8.058464224017207,1
166,24.0,-0.5091970865703525,8.058464224017207,1
166,28.0,-0.5268260507456269,8.058464224017207,1
166,32.0,-0.5363534981120782,8.058464224017207,1
166,36.0,-0.5414564862961324,8.058464224017207,1
167,0.0,0.7681327262907218,7.940596660477905,1
167,4.0,0.023984246503503504,7.940596660477905,1
167,8.0,-0.0804113670830049,7.940596660477905,1
167,12.0,-0.11520945430284978,7.940596660477905,1
167,16.0,-0.14661235530928213,7.940596660477905,1
167,20.0,-0.17726521333231307,7.940596660477905,1
167,24.0,-0.20723447786649613,7.940596660477905,1
167,28.0,-0.23649207107537223,7.940596660477905,1
167,32.0,-0.26500737990737117,7.940596660477905,1
167,36.0,-0.2927509760919993,7.940596660477905,1
168,0.0,0.9069779951131398,7.905939209606355,1
168,4.0,0.257146153068788,7.905939209606355,1
168,8.0,0.14742884537450746,7.905939209606355,1
168,12.0,0.09809143750603953,7.905939209606355,1
168,16.0,0.052666063324206126,7.905939209606355,1
168,20.0,0.00849766930508057,7.905939209606355,1
168,24.0,-0.0344484899425699,7.905939209606355,1
168,28.0,-0.07609058400351239,7.905939209606355,1
168,32.0,-0.11634368358537733,7.905939209606355,1
168,36.0,-0.15512649368963136,7.905939209606355,1
169,0.0,0.7581505226506737,7.955854927264882,1
169,4.0,-0.08186926693711702,7.955854927264882,1
169,8.0,-0.279627887114368,7.955854927264882,1
169,12.0,-0.35555556041840203,7.955854927264882,1
169,16.0,-0.4192916384729218,7.955854927264882,1
169,20.0,-0.47727273862898345,7.955854927264882,1
169,24.0,-0.529640734090778,7.955854927264882,1
169,28.0,-0.5763448840349223,7.955854927264882,1
169,32.0,-0.6174634576874145,7.955854927264882,1
169,36.0,-0.6532118768019628,7.955854927264882,1
170,0.0,0.9088112417384502,8.019349054890203,1
170,4.0,0.023277421419609406,8.019349054890203,1
170,8.0,-0.1306747049739497,8.019349054890203,1
170,12.0,-0.17391032859008335,8.019349054890203,1
170,16.0,-0.21076138120225626,8.019349054890203,1
170,20.0,-0.24584667389355425,8.019349054890203,1
170,24.0,-0.2792916341949021,8.019349054890203,1
170,28.0,-0.3110582895914077,8.019349054890203,1
170,32.0,-0.34111401759625565,8.019349054890203,1
170,36.0,-0.3694389617294977,8.019349054890203,1
171,0.0,0.9088752051635465,8.018941080950567,1
171,4.0,0.1238718134643294,8.018941080950567,1
171,8.0,-0.01171602815439152,8.018941080950567,1
171,12.0,-0.0815889024061271,8.018941080950567,1
171,16.0,-0.145747744113812,8.018941080950567,1
171,20.0,-0.20605197698797323,8.018941080950567,1
171,24.0,-0.26228879245592523,8.018941080950567,1
171,28.0,-0.314234558824091,8.018941080950567,1
171,32.0,-0.3617390197236037,8.018941080950567,1
171,36.0,-0.40473918868386766,8.018941080950567,1
172,0.0,0.887387165406058,7.860892207071364,1
172,4.0,0.11150294694767823,7.860892207071364,1
172,8.0,-0.0121468107797521,7.860892207071364,1
172,12.0,-0.06471113857727807,7.860892207071364,1
172,16.0,-0.11273219429424898,7.860892207071364,1
172,20.0,-0.15869109845103702,7.860892207071364,1
172,24.0,-0.20256065804598603,7.860892207071364,1
172,28.0,-0.24423770732484923,7.860892207071364,1
172,32.0,-0.2836335750148038,7.860892207071364,1
172,36.0,-0.32068062942645115,7.860892207071364,1
173,0.0,0.7633373922442073,7.928418787599635,1
173,4.0,0.12049228201880918,7.928418787599635,1
173,8.0,0.006056649174858403,7.928418787599635,1
173,12.0,-0.04150578839597327,7.928418787599635,1
173,16.0,-0.08429308438489067,7.928418787599635,1
173,20.0,-0.1256430697105314,7.928418787599635,1
173,24.0,-0.16564835077824475,7.928418787599635,1
173,28.0,-0.2042423911082053,7.928418787599635,1
173,32.0,-0.24135596705404888,7.928418787599635,1
173,36.0,-0.2769265571426053,7.928418787599635,1
174,0.0,0.7860308337600963,7.839930862413624,1
174,4.0,0.19105056964923128,7.839930862413624,1
174,8.0,0.09072731978224653,7.839930862413624,1
174,12.0,0.07294562227837072,7.839930862413624,1
174,16.0,0.06130872910528225,7.839930862413624,1
174,20.0,0.05014288510912922,7.839930862413624,1
174,24.0,0.03907509587620124,7.839930862413624,1
174,28.0,0.028082233084554778,7.839930862413624,1
174,32.0,0.017164049397354705,7.839930862413624,1
174,36.0,0.006321791622906664,7.839930862413624,1
175,0.0,1.0219084273429717,8.018762593174138,1
175,4.0,0.5213059077861876,8.018762593174138,1
175,8.0,0.3885916742891621,8.018762593174138,1
175,12.0,0.3371177436575443,8.018762593174138,1
175,16.0,0.29588402793086593,8.018762593174138,1
175,20.0,0.2567024204358801,8.018762593174138,1
175,24.0,0.21880017752208053,8.018762593174138,1
175,28.0,0.1821595252187503,8.018762593174138,1
175,32.0,0.14683483443024578,8.018762593174138,1
175,36.0,0.1128828893121838,8.018762593174138,1
176,0.0,0.7754763698038312,8.069714385126314,1
176,4.0,0.012300347882891638,8.069714385126314,1
176,8.0,-0.16410693815298344,8.069714385126314,1
176,12.0,-0.2661584241949861,8.069714385126314,1
176,16.0,-0.3565901672786636,8.069714385126314,1
176,20.0,-0.437424635792354,8.069714385126314,1
176,24.0,-0.508171503965906,8.069714385126314,1
176,28.0,-0.5686628073467197,8.069714385126314,1
176,32.0,-0.6191984702069394,8.069714385126314,1
176,36.0,-0.66049807753019,8.069714385126314,1
177,0.0,0.8989579063101315,8.05300622911968,1
177,4.0,0.3883576637644676,8.05300622911968,1
177,8.0,0.295135534228501,8.05300622911968,1
177,12.0,0.2513030176053579,8.05300622911968,1
177,16.0,0.21120217146813122,8.05300622911968,1
177,20.0,0.1720396093036896,8.05300622911968,1
177,24.0,0.13370493684931142,8.05300622911968,1
177,28.0,0.09624439320732413,8.05300622911968,1
177,32.0,0.05971329378529305,8.05300622911968,1
177,36.0,0.024166824412987068,8.05300622911968,1
178,0.0,0.8745546741991431,8.057306804363447,1
178,4.0,0.10440678175703447,8.057306804363447,1
178,8.0,-0.01487752202047411,8.057306804363447,1
178,12.0,-0.07376240439656634,8.057306804363447,1
178,16.0,-0.12831815966370952,8.057306804363447,1
178,20.0,-0.18025613778322944,8.057306804363447,1
178,24.0,-0.22945913382634764,8.057306804363447,1
178,28.0,-0.275776512150434,8.057306804363447,1
178,32.0,-0.3190874479134289,8.057306804363447,1
178,36.0,-0.3593089318960869,8.057306804363447,1
179,0.0,0.942814035527112,7.904554213654137,1
179,4.0,0.2641901472479855,7.904554213654137,1
179,8.0,0.12193177803994923,7.904554213654137,1
179,12.0,0.07156324687316487,7.904554213654137,1
179,16.0,0.028799616396496176,7.904554213654137,1
179,20.0,-0.012168460238489165,7.904554213654137,1
179,24.0,-0.0516174453897707,7.904554213654137,1
179,28.0,-0.08949007815807819,7.904554213654137,1
179,32.0,-0.12571631465790162,7.904554213654137,1
179,36.0,-0.16023461499202646,7.904554213654137,1
180,0.0,0.7337403262951603,7.991340272822476,1
180,4.0,0.017678531423943045,7.991340272822476,1
180,8.0,-0.1383092205675424,7.991340272822476,1
180,12.0,-0.2266873511826156,7.991340272822476,1
180,16.0,-0.30653256561533526,7.991340272822476,1
180,20.0,-0.3800666699109825,7.991340272822476,1
180,24.0,-0.4468959294800676,7.991340272822476,1
180,28.0,-0.5066832678943194,7.991340272822476,1
180,32.0,-0.5593033858580785,7.991340272822476,1
180,36.0,-0.604863484047615,7.991340272822476,1
181,0.0,0.8528983585457348,8.078464949377526,1
181,4.0,0.19013804152542788,8.078464949377526,1
181,8.0,0.05307513549677204,8.078464949377526,1
181,12.0,-0.03301012889741135,8.078464949377526,1
181,16.0,-0.11337430669786558,8.078464949377526,1
181,20.0,-0.18940704587011553,8.078464949377526,1
181,24.0,-0.2606667946488755,8.078464949377526,1
181,28.0,-0.3266925930034891,8.078464949377526,1
181,32.0,-0.3871117313296421,8.078464949377526,1
181,36.0,-0.44167707490583025,8.078464949377526,1
182,0.0,0.7990848012500196,8.1321906068315,1
182,4.0,0.2190293794980459,8.1321906068315,1
182,8.0,0.05886073204530358,8.1321906068315,1
182,12.0,-0.03510784541487287,8.1321906068315,1
182,16.0,-0.11936587917234949,8.1321906068315,1
182,20.0,-0.19760318659301923,8.1321906068315,1
182,24.0,-0.2695099525193841,8.1321906068315,1
182,28.0,-0.33462677977510064,8.1321906068315,1
182,32.0,-0.3926617943664404,8.1321906068315,1
182,36.0,-0.44354436455511403,8.1321906068315,1
183,0.0,0.6597335769424812,7.90862080370843,1
183,4.0,0.009078323563988522,7.90862080370843,1
183,8.0,-0.1783191828857945,7.90862080370843,1
183,12.0,-0.2794240091144965,7.90862080370843,1
183,16.0,-0.3657324256579578,7.90862080370843,1
183,20.0,-0.4422658793905387,7.90862080370843,1
183,24.0,-0.5089661895655191,7.90862080370843,1
183,28.0,-0.5658174441137068,7.90862080370843,1
183,32.0,-0.6132109641364004,7.90862080370843,1
183,36.0,-0.6519043339671968,7.90862080370843,1
184,0.0,0.9223619254478929,8.063016527370726,1
184,4.0,0.19482743608893296,8.063016527370726,1
184,8.0,0.017886392522361138,8.063016527370726,1
184,12.0,-0.06013593082081296,8.063016527370726,1
184,16.0,-0.1266149539931077,8.063016527370726,1
184,20.0,-0.18724336617090054,8.063016527370726,1
184,24.0,-0.24212456412766736,8.063016527370726,1
184,28.0,-0.2911629390944896,8.063016527370726,1
184,32.0,-0.33439763291353264,8.063016527370726,1
184,36.0,-0.37201746702720695,8.063016527370726,1
185,0.0,0.9233131575211162,8.140108779571756,1
185,4.0,0.25717464117515043,8.140108779571756,1
185,8.0,0.14657445334884314,8.140108779571756,1
185,12.0,0.09916564178410947,8.140108779571756,1
185,16.0,0.05584670841978759,8.140108779571756,1
185,20.0,0.013862403195705919,8.140108779571756,1
185,24.0,-0.02682948103008212,8.140108779571756,1
185,28.0,-0.06615401420842196,8.140108779571756,1
185,32.0,-0.10403511911466626,8.140108779571756,1
185,36.0,-0.14040231651615315,8.140108779571756,1
186,0.0,0.6598395123299532,8.06432717541681,1
186,4.0,0.08522881421598225,8.06432717541681,1
186,8.0,-0.004863585243144897,8.06432717541681,1
186,12.0,-0.04501597993650336,8.06432717541681,1
186,16.0,-0.08214963788525051,8.06432717541681,1
186,20.0,-0.11855217446234798,8.06432717541681,1
186,24.0,-0.15428935917188466,8.06432717541681,1
186,28.0,-0.18932325394689228,8.06432717541681,1
186,32.0,-0.2236107988717416,8.06432717541681,1
186,36.0,-0.2571087679808563,8.06432717541681,1
187,0.0,0.8816100740690973,7.816461550918213,1
187,4.0,0.217920654711236,7.816461550918213,1
187,8.0,0.047773300086401266,7.816461550918213,1
187,12.0,-0.03625973495620829,7.816461550918213,1
187,16.0,-0.10944937961389099,7.816461550918213,1
187,20.0,-0.17694975330118085,7.816461550918213,1
187,24.0,-0.23873053620144757,7.816461550918213,1
187,28.0,-0.29454259678524275,7.816461550918213,1
187,32.0,-0.34426984758282814,7.816461550918213,1
187,36.0,-0.38796274557346794,7.816461550918213,1
188,0.0,0.7814594999449204,8.02815673819281,1
188,4.0,-0.04096336257561785,8.02815673819281,1
188,8.0,-0.2463208971817626,8.02815673819281,1
188,12.0,-0.3638262071190628,8.02815673819281,1
188,16.0,-0.4637363996436402,8.02815673819281,1
188,20.0,-0.548289313792175,8.02815673819281,1
188,24.0,-0.6174614113864636,8.02815673819281,1
188,28.0,-0.6721367492522056,8.02815673819281,1
188,32.0,-0.7140143268798919,8.02815673819281,1
188,36.0,-0.7452350475812544,8.02815673819281,1
189,0.0,0.9918447341209242,8.044541286279088,1
189,4.0,0.41264748466716017,8.044541286279088,1
189,8.0,0.23483533310422092,8.044541286279088,1
189,12.0,0.12439496613964068,8.044541286279088,1
189,16.0,0.02831416998210693,8.044541286279088,1
189,20.0,-0.056593881115273414,8.044541286279088,1
189,24.0,-0.12996547580711654,8.044541286279088,1
189,28.0,-0.1917324485936448,8.044541286279088,1
189,32.0,-0.242406751585026,8.044541286279088,1
189,36.0,-0.28299881289588885,8.044541286279088,1
190,0.0,0.7526435909496586,7.985292929978979,1
190,4.0,0.06135108948346785,7.985292929978979,1
190,8.0,-0.041792108804519446,7.985292929978979,1
190,12.0,-0.08841846102378688,7.985292929978979,1
190,16.0,-0.13184001637709625,7.985292929978979,1
190,20.0,-0.17407352394517892,7.985292929978979,1
190,24.0,-0.21511557802626996,7.985292929978979,1
190,28.0,-0.2548903450467679,7.985292929978979,1
190,32.0,-0.2933219796788558,7.985292929978979,1
190,36.0,-0.33033875996713424,7.985292929978979,1
191,0.0,0.928004553679035,8.052503756548923,1
191,4.0,0.08787541456966222,8.052503756548923,1
191,8.0,-0.11769201879205232,8.052503756548923,1
191,12.0,-0.2340980460444005,8.052503756548923,1
191,16.0,-0.32994760842866044,8.052503756548923,1
191,20.0,-0.4077614877045089,8.052503756548923,1
191,24.0,-0.468511873583201,8.052503756548923,1
191,28.0,-0.5142233805698254,8.052503756548923,1
191,32.0,-0.5475551535432398,8.052503756548923,1
191,36.0,-0.571259781275609,8.052503756548923,1
192,0.0,0.825656454203351,8.068940267464331,1
192,4.0,0.157452490465188,8.068940267464331,1
192,8.0,0.0011610458950458424,8.068940267464331,1
192,12.0,-0.08836977158558063,8.068940267464331,1
192,16.0,-0.1692276856415907,8.068940267464331,1
192,20.0,-0.24404054455683022,8.068940267464331,1
192,24.0,-0.3124349479779228,8.068940267464331,1
192,28.0,-0.37403386716127607,8.068940267464331,1
192,32.0,-0.4286496703083539,8.068940267464331,1
192,36.0,-0.47631448208898497,8.068940267464331,1
193,0.0,1.0704247002847476,7.932992371822055,1
193,4.0,0.35531539016815705,7.932992371822055,1
193,8.0,0.19139479228889372,7.932992371822055,1
193,12.0,0.10882574005794035,7.932992371822055,1
193,16.0,0.03611605109748128,7.932992371822055,1
193,20.0,-0.030431957399794873,7.932992371822055,1
193,24.0,-0.09066780739621766,7.932992371822055,1
193,28.0,-0.14440213866176715,7.932992371822055,1
193,32.0,-0.191625132467518,7.932992371822055,1
193,36.0,-0.2325176843200426,7.932992371822055,1
194,0.0,0.8567668152389656,7.751039791069756,1
194,4.0,0.22005554304333338,7.751039791069756,1
194,8.0,0.10199319738714044,7.751039791069756,1
194,12.0,0.04835740662725071,7.751039791069756,1
194,16.0,-0.0003097118337163224,7.751039791069756,1
194,20.0,-0.04714661762723308,7.751039791069756,1
194,24.0,-0.0921968521594642,7.751039791069756,1
194,28.0,-0.13535557100858941,7.751039791069756,1
194,32.0,-0.17652045405597355,7.751039791069756,1
194,36.0,-0.21560239996268807,7.751039791069756,1
195,0.0,1.0346510669532105,8.157292253184435,1
195,4.0,0.15842998128149147,8.157292253184435,1
195,8.0,0.0155908146160946,8.157292253184435,1
195,12.0,-0.037332244239774826,8.157292253184435,1
195,16.0,-0.08407883242916014,8.157292253184435,1
195,20.0,-0.12765971079792218,8.157292253184435,1
195,24.0,-0.16809071439492748,8.157292253184435,1
195,28.0,-0.2053308380709626,8.157292253184435,1
195,32.0,-0.23938217267523246,8.157292253184435,1
195,36.0,-0.2702929885281541,8.157292253184435,1
196,0.0,0.9482586300810162,7.749394910977358,1
196,4.0,0.2341691406166287,7.749394910977358,1
196,8.0,0.09692721537697561,7.749394910977358,1
196,12.0,0.04834082812425197,7.749394910977358,1
196,16.0,0.006249886417453034,7.749394910977358,1
196,20.0,-0.034165046427011896,7.749394910977358,1
196,24.0,-0.07308033485169607,7.749394910977358,1
196,28.0,-0.11043321325142738,7.749394910977358,1
196,32.0,-0.1461559649066978,7.749394910977358,1
196,36.0,-0.18018991691327627,7.749394910977358,1
197,0.0,0.711345296478509,7.942337749835774,1
197,4.0,0.05845581855568341,7.942337749835774,1
197,8.0,-0.10968011201637543,7.942337749835774,1
197,12.0,-0.18280000004680577,7.942337749835774,1
197,16.0,-0.24471116016596006,7.942337749835774,1
197,20.0,-0.30219206233773876,7.942337749835774,1
197,24.0,-0.3555104909344952,7.942337749835774,1
197,28.0,-0.4045215868511821,7.942337749835774,1
197,32.0,-0.44912600126387925,7.942337749835774,1
197,36.0,-0.4893097066446945,7.942337749835774,1
198,0.0,0.9288328308773579,7.870337858662655,1
198,4.0,0.2328279320913723,7.870337858662655,1
198,8.0,0.0546312199373188,7.870337858662655,1
198,12.0,-0.03913842176867042,7.870337858662655,1
198,16.0,-0.1210101092893261,7.870337858662655,1
198,20.0,-0.195150785634051,7.870337858662655,1
198,24.0,-0.26134263083357656,7.870337858662655,1
198,28.0,-0.31936554027566577,7.870337858662655,1
198,32.0,-0.36928459230695,7.870337858662655,1
198,36.0,-0.41145540473739944,7.870337858662655,1
199,0.0,0.8745071169695483,8.160339702420519,1
199,4.0,0.08854285317073132,8.160339702420519,1
199,8.0,-0.07897907837182508,8.160339702420519,1
199,12.0,-0.17881519056751913,8.160339702420519,1
199,16.0,-0.2676080993690171,8.160339702420519,1
199,20.0,-0.34667862338798083,8.160339702420519,1
199,24.0,-0.41556730393642766,8.160339702420519,1
199,28.0,-0.4741963863374707,8.160339702420519,1
199,32.0,-0.5229567358840411,8.160339702420519,1
199,36.0,-0.5626417931517343,8.160339702420519,1
200,0.0,0.8804127286141377,7.9935899146036204,1
200,4.0,0.12594172160790462,7.9935899146036204,1
200,8.0,0.022371474475117212,7.9935899146036204,1
200,12.0,-0.02300296548019589,7.9935899146036204,1
200,16.0,-0.06507274314090103,7.9935899146036204,1
200,20.0,-0.10556886730175355,7.9935899146036204,1
200,24.0,-0.14446223531353444,7.9935899146036204,1
200,28.0,-0.18167715534286355,7.9935899146036204,1
200,32.0,-0.21714606565308686,7.9935899146036204,1
200,36.0,-0.2508131518982229,7.9935899146036204,1
